위도,경도,주차장유형,주차구획수,주차장구분,주차장명
37.45819382,127.0396269,노상,45,공영,신원지하차도 상부도로
37.478603,127.0413575,노외,175,공영,양재
37.44955521,127.0579168,노외,80,공영,내곡동 임시
37.482243,126.9920242,노외,49,공영,중앙로
37.4704204,127.0384652,노외,46,공영,매헌시민의숲(매헌)역
37.471894,127.0424265,노외,101,공영,양재근린공원
37.4854463,126.9925579,노외,120,공영,방배1동
37.4706412,127.0412781,노외,32,공영,양재2동주민센터
37.4890028,126.9922501,노외,109,공영,방배열린문화센터
37.4974872,127.0003241,노외,51,공영,반포4동 주민센터
37.50429,126.9953408,노외,162,공영,반포2동
37.5161854,127.0163843,노외,92,공영,잠원동 방음언덕형
37.4923272,127.0168126,노외,67,공영,무궁화
37.4723312,127.0430088,노외,190,공영,언남문화체육센터
37.4971758,126.9986658,노외,71,공영,서래마을
37.5049722,127.0183131,노외,88,공영,반포동 방음언덕형
37.4716366,127.0485008,노외,131,공영,구룡공원
37.4700443,127.0443493,노외,121,공영,동산마을
37.4962789,126.985401,노외,152,공영,방배카페골목
37.5000322,127.0104462,노외,177,공영,반포 둥근마을
37.5047241,127.0209708,노외,51,공영,언구비
37.4465698,127.0599447,노외,41,공영,청계산청룡
37.4981599,126.9978271,노외,7,공영,반포서래
37.4458831,127.0568139,노외,95,공영,청계산근린광장
37.4723013,127.0382044,노외,143,공영,매헌시민의숲동측
37.4940332,127.0158921,노외,27,공영,교대역동측
37.4937426,127.0108109,노상,23,공영,법원입구도로
37.4955055,126.9887363,노상,6,공영,방배가구거리
37.4955055,126.9887363,노상,4,공영,방배사이길
37.4955026,126.9857983,노상,51,공영,방배중앙로
37.4831582,126.9966972,노상,9,공영,방배역
37.4830018,126.9825637,노상,148,공영,방배복개도로 제2지역
37.4780085,126.9826064,노상,124,공영,방배복개도로 제1지역
37.5042121,127.0103346,노상,37,공영,반포복개천
37.6070744,127.0601254,노외,77,공영,석관동
37.5847177,127.007389,노외,133,공영,삼선동
37.59915465,127.0147755,부설,100,공영,시네마부설주차장
37.59483642,126.9938746,노외,26,공영,성북동길
37.61110175,127.052485,노외,6,공영,장위시장2
37.60820115,127.0093728,노외,18,공영,정릉시장
37.60935675,127.0530356,노외,49,공영,벤처빌딩
37.61734643,127.0529242,노외,98,공영,마을공원
37.61460901,127.0409876,노외,64,공영,동방고개
37.59508412,127.0266611,노외,26,공영,개운산
37.58945628,127.0168496,부설,200,공영,구청사부설
37.58660133,127.0163213,노외,123,공영,경동고
37.53357838,126.972694,노외,169,공영,삼각지임시
37.52066695,126.9743019,노상,12,공영,이촌1동
37.52012404,126.9686741,노상,22,공영,이촌로54길
37.53023598,126.969191,노상,14,공영,한강로2가동
37.53088001,126.9957211,노상,9,공영,이태원1동
37.51837375,126.9791209,노상,15,공영,한강쇼핑
37.55042378,126.976155,노외,39,공영,후암동
37.5454353,126.9698684,노외,34,공영,청파동청사
37.5427848,126.9685904,노외,99,공영,청파동1마을공원
37.5389156,126.9575712,노외,39,공영,용문동
37.54607483,126.9855706,노외,60,공영,용산2가(소월)
37.5516134,126.9643647,노외,31,공영,서계동
37.53381211,126.9634197,노외,42,공영,용산전자상가5
37.5338443,126.9603066,노외,114,공영,용산전자상가4
37.5325369,126.9603363,노외,167,공영,용산전자상가3
37.5326215,126.9631106,노외,196,공영,용산전자상가2
37.53203976,126.9647712,노외,202,공영,용산전자상가1
37.5430004,126.9880824,노외,54,공영,용산2가동 기계식
37.54047812,126.9927159,노외,109,공영,이태원2동
37.53485709,127.0002687,노외,248,공영,한남동
37.53001857,127.007355,노외,124,공영,한남유수지
37.5352563,126.9552031,노외,108,공영,신창동
37.4933415,127.0626234,노상,27,공영,대치동507-3
37.500503,126.887942,노외,9,민영,길동주차장
37.489143,126.8850102,노외,7,민영,나이스파크 구로시장점
37.4884161,126.8817759,노외,16,민영,교회부설주차장
37.4894996,126.8834727,노외,2,민영,동부에이스빌라 앞
37.503943,126.8496698,노외,12,민영,고척동 주택가
37.4953011,126.8502246,노외,31,민영,행복3주차장
37.493559,126.856455,노외,8,민영,원진주차장
37.4825702,126.8903331,노외,33,민영,교회주차장
37.498773,126.854242,노외,5,민영,더 스토리
37.498816,126.854128,노외,5,민영,더 스토리Ⅱ
37.50003545,126.8663371,노외,56,민영,고척돔주차장
37.4940442,126.8444533,노외,110,민영,행복주차장
37.4960318,126.8398934,노외,8,민영,원광주차장
37.5058787,126.8849846,노외,52,민영,코리아빌딩 노외주차장
37.4911125,126.8562543,노외,31,민영,형제주차장
37.4952613,126.8496114,노외,23,민영,대성주차장
37.4952151,126.8494021,노외,6,민영,대영주차장
37.4921597,126.8425189,노외,10,민영,삼칠주차장
37.4965424,126.8426725,노외,12,민영,행복주차장(서림주차장)
37.4971367,126.8397491,노외,12,민영,예원주차장
37.4996324,126.8437381,노외,20,민영,영지주차장
37.4964163,126.8454184,노외,8,민영,반도주차장
37.4943592,126.8446007,노외,70,민영,오류동역주차장
37.4922385,126.8218571,노외,15,민영,온수주차장
37.4962467,126.8175052,노외,6,민영,형제 주차장
37.5074425,126.8922692,노외,52,민영,신도림역 주차장
37.4860792,126.885968,노외,23,민영,예술인주차장
37.4898542,126.891512,노외,55,민영,현대주차장
37.4950983,126.8918256,노외,77,민영,AJ파크 주차장(구로점)
37.4849029,126.9003836,노외,65,민영,동일주차장
37.494328,126.8889273,노외,9,민영,신광주차장
37.493404,126.8837451,노외,34,민영,구로본동주차장
37.4946045,126.8885026,노외,10,민영,대신주차장
37.487328,126.8841796,노외,8,민영,세창주차장
37.4944679,126.8580288,노외,6,민영,개봉역 1번출구 주차장
37.4953011,126.8502246,노외,11,민영,대건주차장
37.4854528,126.8830564,노외,28,민영,영일주차장
37.4812705,126.8888652,노외,69,민영,시장주차장
37.4802507,126.8890205,노외,10,민영,가리봉주차장
37.50191134,126.849904,노외,20,공영,고척근린시장 공영주차장
37.497534,126.8838995,노외,104,공영,구로2동 소공원 공영주차장
37.50786379,126.8922179,노외,52,공영,구로미래도서관 공영주차장
37.506687,126.848479,노외,16,공영,고척동 삼덕마을
37.506008,126.84971,노외,17,공영,고척동 소규모
37.4898784,126.8865593,노외,198,공영,구로4동 주택가 공동
37.5065824,126.8532783,노외,199,공영,고척근린공원 지하
37.4954745,126.8391873,노외,81,공영,오류1동 텃골
37.5002403,126.8511374,노외,134,공영,개봉1동 노외
37.5045463,126.8456674,노외,56,공영,개봉1동 마을공동
37.5051278,126.8573617,노외,66,공영,고척리본타운
37.5023063,126.863882,노외,125,공영,고척1동 마을공동
37.4872382,126.8808103,노외,198,공영,하늘공원 주차장
37.4904165,126.891578,노외,203,공영,구로리공원 지하
37.500809,126.886021,노외,77,공영,구로5동 마을공동
37.4971037,126.889559,노외,245,공영,구로아트밸리 지하
37.4850219,126.888408,노외,20,공영,구로3동 마을공동
37.491491,126.8883001,노외,81,공영,구로2동 마을공동
37.6145633,127.025127,노외,59,공영,송천동
37.6351482,127.0191574,노상,48,공영,나눔터길
37.6334583,127.0193948,노상,35,공영,빨래골
37.620006,127.0285111,노상,76,공영,으뜸공원(무인)
37.6201434,127.0202413,노외,47,공영,대지시장길
37.6258661,127.015692,노외,43,공영,삼양시장길
37.6247155,127.0154205,노외,47,공영,청암
37.6361708,127.0185347,노외,73,공영,인수동
37.6333382,127.0206239,노외,80,공영,색동공원
37.6306612,127.0174444,노외,91,공영,수유일공원
37.6279612,127.0169821,노외,20,공영,은혜
37.6236738,127.0252208,노상,41,공영,큰마을길
37.622899,127.0182175,노외,95,공영,삼양마을공원
37.6460297,127.0218735,노외,62,공영,수유2동
37.6436141,127.0251254,노상,60,공영,가오천
37.622054,127.031151,노상,21,공영,구청앞
37.6399548,127.0257737,노외,45,공영,시범
37.637324,127.0332067,노외,185,공영,수송초등학교
37.64414204,127.0124546,노외,152,공영,장미원시장
37.6260722,127.0134696,노외,87,공영,구세군길
37.6116327,127.0335871,노외,54,공영,송중동
37.6251004,127.0334059,노외,187,공영,번동햇살
37.6267046,127.0365901,노외,20,공영,번2동
37.6184131,127.0364771,노외,45,공영,어울림소공원
37.6220897,127.0311622,노외,76,공영,오패산
37.6187374,127.0297161,노상,80,공영,교육청길
37.6320481,127.0235551,노외,19,공영,수유쌈지
37.6474065,127.0113669,노상,37,공영,아카데미
37.6567143,127.0115891,노외,82,공영,우이동
37.6416051,127.0149889,노외,120,공영,가오리
37.6633705,127.0126653,노외,158,공영,교통광장
37.6240065,127.0195388,노외,104,공영,냉천길
37.6409017,127.0197223,노상,36,공영,벽산
37.6112017,127.0335232,노외,6,공영,송중동(임시)
37.6305304,127.0218524,노외,116,공영,수유마을시장
37.6285602,127.0223435,노외,155,공영,미아동
37.55923346,126.985503,노외,48,공영,남산동 공영주차장
37.55631375,127.0159916,노외,83,공영,동산 공영주차장
37.5682426,126.9799468,노외,15,공영,다동공원 제4 공영주차장
37.55592073,126.9645377,노외,162,공영,손기정체육공원 공영주차장
37.559936,127.0013265,노외,106,공영,장충 공영주차장
37.55909088,126.9738466,노외,23,공영,서소문삼성생명뒤 공영주차장
37.549029,127.0063055,노외,91,공영,버티 공영주차장
37.56592686,126.9955901,노상,26,공영,삼풍상가 공영주차장
37.5689855,127.0057956,부설,71,공영,중구구민회관 부설주차장
37.558923,127.0134049,노외,51,공영,청구 공영주차장
37.55438305,127.0086101,노외,85,공영,다산동 공영주차장
37.55659975,126.9958714,노외,47,공영,필동 공영주차장
37.556504,127.0110187,노외,31,공영,문화 공영주차장
37.552237,127.0133313,노외,88,공영,약수동 공영주차장
37.550508,127.004839,노외,44,공영,성곽 공영주차장
37.565173,127.0170054,노외,45,공영,신당사거리 공영주차장
37.552118,127.0057006,노외,24,공영,충현어린이공원 공영주차장
37.552153,127.0057006,노외,108,공영,충현 공영주차장
37.55909088,126.9738466,노상,14,공영,진양상가 인공도로 공영주차장
37.56845681,127.0053518,노상,9,공영,훈련원공원옆 공영주차장
37.5613576,126.9729947,노상,16,공영,서소문올리브타워옆 공영주차장
37.56369098,126.9812519,노상,4,공영,조선호텔앞 공영주차장
37.56748249,127.018011,노외,113,공영,황학어린이공원 공영주차장
37.55163344,127.0043909,노외,75,공영,다산아트 공영주차장
37.563676,126.9998008,노외,491,공영,묵정공원지하 공영주차장
37.55950762,127.0120996,노외,12,공영,새싹마을 공영주차장
37.56210861,127.014538,노외,75,공영,신당동 공영주차장
37.55909088,126.9738466,노상,32,공영,남평화시장앞 공영주차장
37.55909088,126.9738466,노상,17,공영,맑은내길 공영주차장
37.56097283,126.9770151,노상,9,공영,한국관광공사옆 공영주차장
37.55909088,126.9738466,노상,10,공영,코오롱빌딩옆 공영주차장
37.55909088,126.9738466,노상,24,공영,남대문피혁상가남측 공영주차장
37.56830549,126.9957258,노상,47,공영,대림상가 공영주차장
37.55825878,126.9758162,노상,5,공영,국제화재빌딩옆 공영주차장
37.56557705,126.9696428,노상,13,공영,이화여고앞 공영주차장
37.56794672,126.977995,노상,19,공영,뉴국제호텔앞 공영주차장
37.562479,126.9734829,노상,9,공영,해운센터앞 공영주차장
37.56800835,126.9799921,노상,7,공영,다동쉼터 공영주차장
37.530553,126.877866,노외,280,공영,한마음
37.518377,126.877689,노외,285,공영,신정교 주차장
37.517265,126.867026,노상,70,공영,양천구청
37.51879987,126.869218,노상,11,공영,양천공원옆(전기차충전소)
37.519832,126.869232,노상,24,공영,한전뒷길
37.528215,126.871319,노상,28,공영,한국통신
37.527803,126.875162,노상,24,공영,현대41타워 옆
37.536811,126.881493,노상,17,공영,부영그린
37.535439,126.877953,노상,38,공영,법안정사
37.533828,126.876616,노상,21,공영,파리공원(전기차충전소)
37.539061,126.8268996,노상,54,공영,신월5동 복개
37.529915,126.834359,노상,75,공영,곰달래로5길
37.536449,126.834076,노상,33,공영,신월1동저지2구역
37.529866,126.838204,노상,58,공영,신월1동저지1구역
37.519317,126.853945,노상,145,공영,"신정1,3동 복개"
37.527819,126.861916,노상,53,공영,신정4동 로데오길
37.527965,126.853214,노상,112,공영,신정4동길
37.516263,126.861702,노상,17,공영,굿모닝탑 앞
37.51662,126.865097,노상,31,공영,양천경찰서
37.532717,126.828598,노외,161,공영,신월3동
37.516131,126.849601,노외,101,공영,다락골
37.521636,126.860547,노외,18,공영,법마을
37.533173,126.824559,노외,61,공영,능골
37.534498,126.828575,노외,107,공영,신우
37.524363,126.845025,노외,45,공영,당곡
37.533088,126.836284,노외,23,공영,신영시장
37.530475,126.833012,노외,114,공영,마을마당
37.529539,126.836015,노외,108,공영,곰달래
37.536725,126.830828,노외,376,공영,가로공원
37.532926,126.876896,노외,23,공영,목동타운홀
37.536671,126.879208,노외,39,공영,우리
37.535438,126.879351,노외,42,공영,광장
37.533463,126.876594,노외,48,공영,도서관
37.548771,126.866172,노외,33,공영,한두
37.542031,126.865111,노외,64,공영,목3동 해운
37.545977,126.874609,노외,85,공영,목2동 월촌
37.531823,126.875401,노외,21,공영,양천사회단체봉사센터
37.529393,126.879105,노외,894,공영,목동
37.521105,126.85074,노외,84,공영,신정네거리
37.530443,126.874295,노외,186,공영,바람개비
37.52408435,126.8330225,노외,48,공영,신월7동주민센터
37.54834,126.863652,노외,54,공영,깨비시장 고객주차장
37.53897,126.865489,노외,32,공영,경창시장
37.545483,126.865192,노외,100,공영,목3동 등마루
37.53504,126.82415,노외,76,공영,여울
37.528116,126.831899,노외,70,공영,서서울
37.538968,126.865489,노외,24,공영,목사랑시장 고객주차장
37.51907417,126.835606,노외,249,공영,해맞이
37.514938,126.860059,노외,88,공영,신정7동 한사랑교회 앞
37.516383,126.862569,노외,23,공영,문화회관서측
37.515383,126.862641,노외,20,공영,누리
37.516217,126.861336,노외,21,공영,밝은빛
37.515221,126.861494,노외,30,공영,하늘
37.517019,126.863847,노외,80,공영,문화회관동측
37.516521,126.863346,노외,93,공영,문화회관 지하
37.522152,126.869272,노외,32,공영,어울림
37.57134751,126.9854514,노외,12,공영,하나로빌딩옆
37.64603012,127.021877,노외,62,공영,수유2동주차장
37.48263121,126.9272563,노상,56,공영,신원시장공영주차장
37.48667825,126.9171196,노상,13,공영,신사시장공영주차장
37.48462166,126.9258029,노상,33,공영,신림동제2공영주차장
37.48277655,126.9275257,노상,27,공영,서원동제1공영주차장
37.483543,126.9031094,노상,27,공영,조원동제2공영주차장
37.46797457,126.9311088,노상,74,공영,삼성동제1공영주차장
37.47811545,126.9590433,노상,20,공영,낙성대제1공영주차장
37.47499084,126.959844,노상,23,공영,낙성대제2공영주차장
37.47567778,126.9792771,노외,92,공영,남현소공원공영주차장
37.46906095,126.9242983,노외,117,공영,난곡스마트공영주차장
37.46411875,126.933436,노외,71,공영,삼성동제2공영주차장
37.481026,126.942554,노외,151,공영,관악초공영주차장
37.469348,126.911268,노외,42,공영,민방위교육장공영주차장
37.485119,126.922184,노외,135,공영,남부초공영주차장
37.492357,126.932678,노외,159,공영,당곡중공영주차장
37.487364,126.923465,노외,188,공영,신림동제1공영주차장
37.476383,126.919922,노외,79,공영,미성동제4공영주차장
37.466806,126.9228283,노외,71,공영,난우중공영주차장
37.47221023,126.9231529,노외,119,공영,난곡동제1공영주차장
37.48444806,126.915444,노외,41,공영,신사동제1공영주차장
37.488508,126.934495,노외,131,공영,보라매제1공영주차장
37.470107,126.929213,노외,172,공영,원신공영주차장
37.481073,126.905712,노외,109,공영,조원동제1공영주차장
37.479744,126.960471,노외,142,공영,행운동제1공영주차장
37.47577785,126.9650186,노상,11,공영,인헌시장노상공영주차장
37.48702997,126.9258893,노상,37,공영,신림동제3공영주차장
37.48627802,126.9478758,노외,6,공영,중앙동제1공영주차장
37.47433551,126.9617961,노외,6,공영,낙성대제3공영주차장
37.47875774,126.9470248,노외,17,공영,청룡동제1공영주차장
37.48119817,126.9377027,노외,30,공영,봉림중공영주차장
37.46760509,126.9226742,노외,41,공영,난곡마당공영주차장
37.47016608,126.9178922,노외,6,공영,난곡동제2공영주차장
37.47324878,126.9407527,노외,12,공영,서림동제1공영주차장
37.47674526,126.9294757,노외,8,공영,신원동제2공영주차장
37.48306952,126.9252104,노외,23,공영,신원동제1공영주차장
37.47565502,126.9157498,노외,15,공영,미성동제3공영주차장
37.4797444,126.9141902,노외,21,공영,미성동제2공영주차장
37.47957874,126.9157042,노외,5,공영,미성동제1공영주차장
37.46590801,126.9392301,노외,5,공영,대학동제1공영주차장
37.48299189,126.9043887,노외,17,공영,조원동제3공영주차장
37.45997373,126.9150699,노외,12,공영,난향동제1공영주차장
37.48397331,126.9179928,노외,12,공영,신사동제3공영주차장
37.48388151,126.9199755,노외,18,공영,신사동제2공영주차장
37.46205365,126.9155924,노외,22,공영,난향공영주차장
37.5282536,126.907755,노외,31,공영,당산2동 공영주차장
37.502098,126.904818,노외,26,공영,신길5동공영주차장
37.4756463,126.9771048,노외,26,공영,남현동제2공영주차장
37.47106455,126.9697838,노외,7,공영,인헌동제2공영주차장
37.473655,126.9672678,노외,6,공영,인헌동제1공영주차장
37.49758669,126.9005833,노외,99,공영,대림3동공영주차장
37.516205,126.8878482,노외,52,공영,문래동 공영주차장
37.64743,127.0344,부설,4,민영,홍일주차장
37.66038,127.04249,노외,21,민영,바로선병원주차장
37.67277,127.03855,노외,12,민영,텃골주차장
37.67001,127.04169,노외,27,민영,인봉주차장
37.66303,127.01976,노외,4,민영,신운중기
37.68103,127.04576,노외,206,민영,도봉전철
37.67883,127.04029,노외,25,민영,서울사다리조합
37.67167,127.04335,노외,7,민영,기현주차장
37.68768,127.04346,노외,23,민영,새동네주차장
37.66185,127.02359,노외,23,민영,방학주차장
37.66974,127.03699,노외,7,민영,인터넷익스프레스
37.65644,127.02849,노외,24,민영,261주차장
37.6463,127.03294,노외,50,민영,쌍문주차장
37.64763,127.0338,노외,16,민영,쌍문화주차장
37.64824,127.03325,노외,9,민영,한양주차장
37.67609,127.04514,노외,28,민영,오토주차장
37.6598746,127.0418585,노외,10,민영,아비스주차장
37.6917773,127.0454336,노외,11,민영,도봉동 364-1 음식점 주차장
37.6905685,127.0412505,노외,6,민영,도봉동 352-0 주차장
37.67646,127.03277,노외,49,민영,무수골주말농장
37.6803234,127.045755,노외,72,공영,도봉2동제4공영주차장
37.6803234,127.045755,노외,28,공영,도봉2동제3공영주차장
37.6782118,127.0373805,노외,11,공영,도봉1동제3공영주차장
37.64945,127.03584,노외,11,민영,쌍문주차장
37.56962857,126.9838974,노상,13,공영,종각뒤
37.64925,127.02934,노외,32,공영,쌍문3동제2공영주차장
37.64113,127.03532,노외,12,공영,창2동제2공영주차장
37.67228,127.04442,노외,58,공영,도봉2동제2공영주차장
37.66582,127.03917,노외,9,공영,방학1동제2공영주차장
37.67415,127.042,노외,135,공영,화학부대공영주차장
37.66448,127.03396,노외,81,공영,도깨비시장공영주차장
37.66667,127.03375,노외,34,공영,방학2동제4공영주차장
37.65249,127.0396,노외,9,공영,창5동제1공영주차장
37.67488,127.04252,노외,19,공영,도봉1동제1공영주차장
37.63287,127.04153,노외,80,공영,창3동제1공영주차장
37.6681362,127.0471805,노상,17,공영,도봉월드상가공영주차장
37.63841,127.0375,노외,18,공영,창2동제3공영주차장
37.647025,127.037192,노외,42,공영,창1동제1공영주차장
37.65052,127.03459,노외,8,공영,쌍문3동제1공영주차장
37.66938,127.04284,노외,18,공영,방학1동제1공영주차장
37.6708113,127.0393217,노외,28,공영,방학2동제5공영주차장
37.6803234,127.045755,노외,23,공영,도봉구견인보관소
37.6837626,127.046313,노외,13,공영,도봉2동제6공영주차장
37.6803234,127.045755,노외,9,공영,도봉2동제5공영주차장
37.6896638,127.0448008,노외,364,공영,도봉산역 환승주차장
37.6875981,127.0406266,노외,194,공영,도봉산 주차장
37.6900054,127.0432522,노외,190,공영,도봉권역 공영차고지
37.66553,127.03361,노외,30,공영,방학2동제2공영주차장
37.67385,127.04648,노외,164,공영,도봉2동법조1타운공영주차장
37.67425,127.04625,노외,64,공영,도봉2동법조2타운공영주차장
37.65319,127.03353,노외,18,공영,쌍문2동제2공영주차장
37.64858,127.02577,노외,11,공영,쌍문1동제2공영주차장
37.65128,127.03355,노외,14,공영,쌍문2동제1공영주차장
37.6533,127.02226,노외,29,공영,쌍문1동제1공영주차장
37.65208,127.03084,노외,12,공영,쌍문4동제1공영주차장
37.66721,127.03463,노외,20,공영,방학2동제1공영주차장
37.66807,127.03163,노외,23,공영,방학2동제3공영주차장
37.66107,127.03869,노외,37,공영,쌍문2동제3공영주차장
37.64129,127.03647,노외,82,공영,창2동제4공영주차장
37.64896,127.04336,노외,19,공영,창2동제1공영주차장
37.6522104,127.0458531,노외,124,공영,창동역 서측 주차장
37.6540342,127.048434,노외,534,공영,창동역 동측 주차장
37.6610954,127.0406278,노외,17,공영,쌍문2동제4공영주차장
37.5135223855,126.9362503185,노상,8,공영,반려견공원앞
37.491638,126.92282,노상,29,공영,보라매병원앞
37.5138154771,126.94125,노외,13,공영,노량진 공영주차장
37.4827943472,126.97424,노외,80,공영,남성역 공영주차장
37.626781,127.0365899,노외,20,공영,번2동주차장
37.62607275,127.0134713,노외,87,공영,구세군길주차장
37.611602,127.033569,노외,53,공영,송중동주차장
37.620104,127.020227,노외,47,공영,대지시장길주차장
37.614536,127.025126,노외,59,공영,송천동주차장
37.65671363,127.0115911,노외,82,공영,우이동주차장
37.4769453657,126.979,노외,25,공영,사당2호 공영주차장
37.47744293,126.98129,노외,40,공영,사당1호 공영주차장
37.5145306283,126.95243015,노외,20,공영,노들나루공원
37.487701,126.98013,노외,18,공영,남성사계시장
37.493424,126.93355,노외,64,공영,빙수골장미
37.512529,126.93994,노외,86,공영,노량진청사 공영주차장
37.503643,126.97869,노외,147,공영,동작주차공원
37.499808,126.93525,노외,61,공영,도화
37.488794,126.90784,노외,63,공영,서광
37.498725,126.92748,노외,20,공영,구릉
37.500189,126.92658,노외,39,공영,대방생태
37.508318,126.96281,노외,46,공영,흑석빗물펌프장
37.560291,126.8575623,노외,56,공영,가양3동
37.4665283,126.8854333,노상,39,공영,가산동 금천교
37.4936301,126.8808756,노상,18,공영,가마산고가밑
37.5682336,127.0087238,노상,4,공영,DDP북측 마장로
37.5659142,127.0083832,노상,20,공영,DDP동측(양쪽)
37.5715089,126.8394353,노외,38,공영,가양라이품
37.450852,126.909673,노외,5,민영,은행나무 주차장
37.470584,126.898553,노외,66,민영,새울주차장
37.46943,126.899401,노외,6,민영,문성주차장
37.470116,126.900616,노외,16,민영,제일주차장
37.474335,126.903568,노외,31,민영,길목주차장
37.459281,126.899314,노외,20,민영,현대주차장
37.485421,126.879957,노외,160,공영,가산디지털서측
37.459348,126.909351,노외,124,공영,시흥4동
37.460732,126.910947,노외,69,공영,효봉
37.454545,126.909003,노외,51,공영,삼성
37.442939,126.90571,노외,44,공영,시흥3동
37.450686,126.896706,노외,84,공영,시흥1동
37.46943,126.904506,노외,63,공영,독산4동
37.477885,126.902767,노외,21,공영,구룡
37.476312,126.901875,노외,45,공영,다목적
37.47945,126.906335,노외,50,공영,독산3동
37.463825,126.900034,노외,66,공영,독산2동
37.464941,126.894882,노외,66,공영,독산1동
37.476627,126.895561,노외,130,공영,가산동
37.479493,126.884602,노상,37,공영,SJ테크노빌
37.48295,126.882574,노상,41,공영,가산디지털환승
37.474385,126.888308,노상,30,공영,LG전자
37.471619,126.889011,노상,21,공영,모아래5길
37.471477,126.891326,노상,25,공영,사조산업
37.467728,126.890032,노상,36,공영,범일운수
37.469181,126.894829,노상,19,공영,가산중앞
37.56666889,127.0550138,노상,10,공영,삼희상가
37.5700305,127.0504071,노상,22,공영,신답고가
37.57303077,127.0275891,노상,23,공영,용두동청계주변
37.56472665,127.0586628,노상,79,공영,답십리부품상가
37.5637529,127.0667254,노상,9,공영,동대문소방서
37.57913563,127.0409546,노상,48,공영,청량리시장제1
37.5807432,127.0403784,노상,45,공영,청량리시장제2
37.58242616,127.040656,노상,67,공영,청량리시장제3
37.58325164,127.0401598,노상,49,공영,청량리시장제4
37.58829448,127.055742,노상,70,공영,회기역 주변
37.58350827,127.086969,노외,90,공영,까치공원
37.5920416,127.0997947,노외,80,공영,면일초교
37.57489173,127.083439,노외,140,공영,중곡초교
37.58793511,127.0808933,노외,199,공영,면목2동
37.60643693,127.0916532,노외,31,공영,봉수대
37.57335201,127.0891221,노외,119,공영,용마폭포
37.5898196,127.0964022,노외,72,공영,늘봄
37.58705596,127.0915758,노외,97,공영,은행나무
37.59677182,127.0982722,노외,96,공영,망우본동
37.57764604,127.0842468,노외,25,공영,면목시장
37.5898756,127.0931343,노외,31,공영,동원시장
37.59671524,127.0987493,노상,44,공영,우림시장
37.56226142,127.0687101,노외,77,공영,덕원공영주차장
37.58060041,127.0375862,노외,196,공영,서울약령시
37.59003508,127.0695883,노외,40,공영,견인보관소노외
37.59003508,127.0695883,노외,55,공영,휘경유수지
37.59503764,127.0626233,노외,84,공영,외대주차빌딩
37.58347508,127.0406728,노상,20,공영,제기동공영주차장
37.56550691,127.0686919,노상,17,공영,신일피혁주변
37.58191245,127.0355354,노상,58,공영,정릉천변
37.64357381,127.0046373,노상,61,공영,아카데미주차장
37.633421,127.019379,노상,35,공영,빨래골주차장
37.6409021,127.0197238,노상,36,공영,벽산주차장
37.6236742,127.0252199,노상,72,공영,으뜸공원주차장
37.6399531,127.0257738,노외,37,공영,시범주차장
37.66336998,127.0126665,노외,158,공영,교통광장주차장
37.61120246,127.033512,노외,6,공영,송중동(임시)주차장
37.63617032,127.0185352,노외,73,공영,인수동주차장
37.63333727,127.0206236,노외,80,공영,색동공원주차장
37.6427545,127.0559917,노상,35,공영,주공1-3단지주변주차장
37.6527467,127.0629849,노상,15,공영,주공4-6단지주변주차장
37.6657378,127.0556395,노상,13,공영,주공11단지상가 뒤주차장
37.6659979,127.0579317,노상,11,공영,주공12단지상가 뒤주차장
37.6757895,127.0565291,노상,64,공영,수락산디자인서울거리주차장
37.6395423,127.0651903,노외,123,공영,건영백화점앞주차장
37.6403161,127.0676909,노외,129,공영,등나무근린공원주차장
37.65683176,127.0676381,노외,104,공영,상계2동공영주차장
37.64487286,127.0583049,노외,248,공영,마들스타디움(근린공원)주차장
37.6155862,127.0651876,노외,29,공영,석계역앞주차장
37.6201058,127.0774206,노외,15,공영,공릉동 노외(구기계식)주차장
37.6600051,127.071002,노외,29,공영,상계역 서측 주택가 공영주차장
37.6439379,127.075519,노외,116,공영,한글비공영주차장
37.6396737,127.0744426,노상,15,공영,한신동성아파트 옆주차장
37.649959,127.0739725,노상,39,공영,청구건영아파트 옆주차장
37.6516166,127.0764455,노상,30,공영,주공5단지 옆주차장
37.6513157,127.0778023,노상,29,공영,신한증권 옆주차장
37.650302,127.0775454,노상,29,공영,유경백화점 뒤주차장
37.620174,127.0769385,노상,11,공영,(구)북부지법주변주차장
37.6531164,127.0579964,노상,41,공영,주공3단지상가주변주차장
37.6541107,127.0645944,노상,38,공영,주공6단지상가주변주차장
37.658447,127.0599957,노상,16,공영,주공7단지 옆주차장
37.65458133,127.0562972,노상,17,공영,구청사주변주차장
37.58094415,127.0799363,노외,567,공영,면목유수지
37.59827687,127.0734828,노외,372,공영,중화2동1.2.3.4
37.59189966,127.0949182,노외,55,공영,망우3동
37.58298757,127.0800613,노외,67,공영,면목5동
37.58966282,127.0755035,노외,77,공영,중랑초교
37.60272995,127.0816473,노외,230,공영,중화1동
37.6068612805,127.1106971521,노외,127,공영,"중랑캠핑숲 1,2,3"
37.61642416,127.0919550282,노외,86,공영,봉화산역(남)
37.59835362,127.1148164,노외,121,공영,"망우역사 1,2,3"
37.59144962,127.078206,노외,129,공영,동부시장
37.61700015,127.0931176,노외,100,공영,봉화산역
37.5948241,127.075729,노외,217,공영,"중랑역 제1, 2"
37.45458796,126.9090376,노외,51,공영,삼성 공영주차장
37.45934816,126.9093508,노외,124,공영,시흥4동 공영주차장(신흥초교지하)
37.46074109,126.9109725,노외,69,공영,시흥4동 효봉 주차장
37.44292641,126.9057099,노외,44,공영,시흥3동 공영주차장
37.4506859,126.8967063,노외,82,공영,시흥1동 공영주차장
37.4778527,126.9027669,노외,22,공영,독본 구룡 공영주차장
37.4763283,126.9018966,노외,46,공영,독산본동 다목적
37.4694056,126.9045064,노외,63,공영,독산4동 공영주차장
37.4794373,126.9063493,노외,50,공영,독산3동 공영주차장
37.4638287,126.9000339,노외,66,공영,독산2동 공영주차장
37.46494122,126.8948157,노외,66,공영,독산1동 공영주차장
37.48571424,126.8796914,노외,160,공영,가산디지털서측
37.4794157,126.8846349,노상,37,공영,SJ테크노빌(삼보)
37.48294979,126.8825735,노상,41,공영,가산디지털역 환승
37.48330365,126.8760816,노외,55,공영,견인보관소
37.47438522,126.888308,노상,32,공영,LG전자 앞
37.47253319,126.8904216,노상,27,공영,모아래
37.47115076,126.8919782,노상,27,공영,사조냉장 옆(노상)
37.46772828,126.8900322,노상,37,공영,범일운수 뒤
37.469155,126.8948279,노상,19,공영,가산중학교 앞
37.4637960278,126.8992958988,노외,103,공영,독산2동마을공원공영주차장
37.4766319,126.8955792,노외,130,공영,가산동 공영주차장
37.622054,127.031151,노외,76,공영,오패산주차장
37.627919,127.016971,노외,20,공영,은혜(무인)주차장
37.62400684,127.019536,노외,103,공영,냉천길주차장
37.64160556,127.014951,노외,120,공영,가오리주차장
37.62577969,127.0140476,노외,43,공영,삼양시장길주차장
37.630619,127.017431,노외,91,공영,수유일공원주차장
37.62471383,127.015402,노외,47,공영,청암주차장
37.62289902,127.018223,노외,95,공영,삼양마을공원주차장
37.628521,127.022331,노외,155,공영,미아동주차장
37.63213018,127.0237135,노외,19,공영,수유쌈지주차장
37.62510041,127.0334082,노외,187,공영,번동햇살주차장
37.63074936,127.0221772,노외,116,공영,수유마을시장주차장
37.6184131,127.0364771,노외,45,공영,어울림소공원주차장
37.61873574,127.0297173,노상,82,공영,교육청길주차장
37.64361484,127.025127,노상,60,공영,가오천주차장
37.635193,127.019186,노상,50,공영,나눔터길주차장
37.62359859,127.0248846,노상,41,공영,큰마을길주차장
37.4900080278,127.1237651644,노상,52,공영,로데오길
37.507892,127.137927,노상,47,공영,위례성길(방이습지)
37.510249,127.078263,노상,52,공영,봉상시길
37.516555,127.103568,노상,85,공영,교통공원길
37.5721961,126.8029701,노외,322,공영,개화산역
37.4942782,127.1562452,노외,116,공영,마천동2
37.4952716,127.1555532,노외,217,공영,마천동1
37.505766,127.107851,노상,40,공영,석촌역
37.4954345851,127.1173449168,노상,33,공영,비석거리
37.489185,127.124121,노상,72,공영,문정골길
37.5059306,127.1097053,노외,324,공영,송파근린공원주차장
37.485972,127.1238958,노외,290,공영,문정근린공원
37.492249,127.150388,노외,131,공영,거여동공영
37.5361143,127.1159756,노외,81,공영,풍납2공영
37.53523908,127.1201531,노외,56,공영,풍납1공영
37.50702281,127.113321,노외,85,공영,송파동
37.5002483,127.0958777,노외,198,공영,삼전동
37.500247,127.154843,노외,140,공영,천마
37.496088,127.1497803,노외,47,공영,마천동3
37.5121041629,127.1077049278,노외,20,공영,송파나루공원 동호주차장
37.5103180005,127.1010922708,노외,18,공영,서호2
37.506607,127.0989034,노외,15,공영,서호1
37.50214179,127.102815,노외,63,공영,석촌고분 주차장
37.50757311,127.1181634,노외,61,공영,방이고분 주차장
37.5137525,127.1044541,노외,355,공영,잠실역환승
37.47105537,127.1267698,노외,367,공영,복정역 환승
37.5223926,127.102983,노외,222,공영,신천유수지 주차장
37.5206867318,127.1038110894,노외,30,공영,잠실나루역 환승주차장 (노상)
37.53725998,127.1210796,노외,15,공영,풍납시장
37.49398264,127.1378406,노외,101,공영,장지동 문정동(체비지)
37.49464763,127.1196041,노외,84,공영,가락동2(체비지)
37.49425914,127.118803,노외,48,공영,가락동1(체비지)
37.51534252,127.069268,노외,859,공영,탄천
37.52510722,127.1095240026,노외,234,공영,풍납유수지
37.51068203,127.0759347,노외,115,공영,아시아공원
37.5090627339,127.097867814,노외,17,공영,서울놀이마당
37.57978654,127.0349611,노외,137,공영,정릉천복개주차장
37.552752,127.137985,노외,114,공영,암사1동공영주차장
37.531212,127.129905,노외,174,공영,안말공영주차장
37.55567021,127.1569356,노외,27,공영,온조대왕옆공영주차장
37.53912813,127.133257,노외,189,공영,천호3동공영주차장
37.540301,127.123006,노외,13,공영,천호2동공영주차장
37.54498842,127.1362643,노외,190,공영,천호1동공영주차장
37.544765,127.121876,노외,172,공영,천호유수지공영주차장
37.541035,127.128835,노외,342,공영,해공공영주차장
37.56005012,126.9582929,노외,50,공영,북아현동 제2공영
37.55829247,126.960347,노외,15,공영,북아현가구단지 공영
37.55963212,126.9518349,노외,100,공영,북성초등학교 공영
37.580808,126.908329,노외,9,공영,북가좌2동 제2공영
37.578673,126.913443,노외,22,공영,북가좌2동 제1공영
37.562169,126.9684152,노외,27,공영,미근동 공영
37.583036,126.923098,노외,95,공영,남가좌2동 제2공영
37.57701887,126.9217979,노외,71,공영,남가좌2동 제1공영
37.569735,126.916373,노외,32,공영,남가좌1동 제2공영
37.588295,126.947704,노외,17,공영,홍제2동 제1공영
37.584928,126.936114,노외,30,공영,홍제1동 제1공영
37.586759,126.9342219,노외,54,공영,홍은2동 제3공영
37.58757262,126.9319203,노외,24,공영,홍은2동 제2공영
37.578957,126.925681,노외,29,공영,홍은2동 제1공영
37.60152713,126.9491809,노외,98,공영,홍은1동 제4공영
37.605768,126.949863,노외,8,공영,홍은1동 제3공영
37.598662,126.949577,노외,72,공영,홍은1동 제1공영
37.58211871,126.9306604,노외,89,공영,홍연초등학교 공영
37.562837,126.9567878,노외,38,공영,충현동 제2공영
37.565118,126.964418,노외,63,공영,충현동 제1공영
37.587733,126.930636,노외,9,공영,정원단지 회차 주차시설
37.590854,126.942279,노상,64,공영,유진상가/인왕시장 앞 공영
37.567117,126.929661,노상,54,공영,연희맛로 공영
37.574957,126.927991,노외,43,공영,연희동 제6공영
37.56752792,126.9344644,노외,35,공영,연희동 제3공영
37.57237112,126.9276771,노외,39,공영,연희동 제2공영
37.57672649,126.934308,노외,24,공영,연희동 제1공영
37.559263,126.943231,노외,30,공영,신촌역동측광장 공영
37.55912779,126.9343532,노외,33,공영,신촌동 제1공영
37.592975,126.950711,노외,27,공영,홍제3동 제2공영
37.595031,126.948166,노외,24,공영,홍제3동 제1공영
37.567267,126.8020324,노외,483,공영,개화역
37.542834,127.132024,노외,26,공영,고분다리전통시장공영주차장
37.551013,127.1429069,노외,243,공영,명일동공영주차장
37.56598207,127.1722779,노외,85,공영,강일동공영주차장
37.5650504,127.1739063,노상,48,공영,강일동노상주차장
37.5529667,127.153075,노상,45,공영,주양쇼핑옆노상주차장
37.540005,127.122904,노상,7,공영,천호2동제2노상주차장
37.5569505,126.9836223,노상,14,공영,남산소파길
37.5560863,126.9759831,노상,21,공영,남산공원 소파로
37.554868,126.9754554,노상,12,공영,남산공원 소월로
37.4630825,126.9037457,노외,128,공영,남부여성발전센터
37.5606779,126.9746267,노상,9,공영,남대문 화물
37.559163,126.9733458,노상,3,공영,남대문 초입
37.5593208,126.9735723,노상,3,공영,남대문 시장
37.5635355,126.9733142,노상,7,공영,나눔카전용대기소
37.6379708,126.9170962,노외,399,공영,구파발역
37.4846396,126.9015714,노외,31,공영,구로디지털단지역(상)
37.4851307,126.8993401,노외,93,공영,구로디지털단지역
37.5684501,126.9845248,노상,7,공영,관철동
37.5603002,126.808447,노외,11,공영,공항동(송정역)
37.540558,127.1340837,노외,185,공영,천호3동제2공영주차장
37.551799,127.154714,노상,44,공영,주양쇼핑앞노상주차장
37.56991861,127.0846836,노외,162,공영,중곡3동 마을공원 공영주차장
37.53915358,127.0913608,노외,159,공영,구의3동 공영주차장
37.53826965,127.0878657,노외,172,공영,구의1동 공영주차장
37.54769328,127.0732156,노외,33,공영,광진광장 공영
37.55404255,127.0802429,노외,77,공영,능동 공영주차장
37.53864952,127.0681734,노외,83,공영,자양4동 공영
37.52953686,127.0782846,노외,281,공영,자양유수지
37.54529787,127.0711809,노외,44,공영,화양동 공영
37.4949236,126.8916583,노상,35,공영,대림역2
37.4929011,126.8931368,노상,18,공영,대림역
37.4931909,126.8917472,노외,93,공영,대림노외
37.5262101,126.8972277,노외,237,공영,당산노외
37.5325555,126.8985102,노상,23,공영,당산고가밑
37.6708303,127.0787869,노상,23,공영,당고개위
37.5600181,126.9909401,노외,17,공영,남산한옥마을
37.5550948,126.979693,노상,13,공영,남산파출소
37.556595,126.9817857,노상,22,공영,남산케이블카
37.5598091,126.9865162,노외,40,공영,남산예장
37.54707799,127.090118,노외,81,공영,구의2동 복합청사 공영주차장
37.5529341,127.0928443,노외,90,공영,구의2동 주택가공동 주차장
37.689668,127.0426121,노외,358,공영,도봉산역
37.6876023,127.0384379,노외,185,공영,도봉산
37.6167114,127.0260072,노상,16,공영,도봉로 15길
37.580491,126.8987778,노외,111,공영,수색동 공영주차장
37.5535674,127.1536941,노외,11,공영,명일동
37.580822,127.0776946,노외,567,공영,면목유수지
37.5596535,126.9042762,노외,20,공영,망원동
37.5391093,126.9409201,노외,505,공영,마포유수지
37.5691724,127.0325569,노외,10,공영,마장동
37.5645784,126.9980709,노상,14,공영,마른내로
37.5644447,126.9922988,노상,34,공영,마른내길
37.5270998,127.0261572,노상,18,공영,동호대교(남)
37.5059209,126.9780845,노상,50,공영,동작대교(위)
37.5059209,126.9780845,노외,88,공영,동작대교
37.5723313,126.994398,노상,5,공영,동순라길(종묘)
37.5773633,127.0423606,노상,25,공영,동부청과
37.5669417,127.0098287,노외,1092,공영,동대문
37.5672159,126.981303,노외,13,공영,동국제강
37.5651937,126.9904222,노상,47,공영,돈화문로
37.4668088,126.8871881,노상,22,공영,독산동 금천교
37.59229405,126.9073823,노외,110,공영,서신초교지하공영주차장
37.6263729,126.9273036,노외,33,공영,불광2동복합청사지하공영주차장
37.64099394,126.9422225,노외,163,공영,은평한문화공영주차장
37.60514883,126.923067,노외,143,공영,은평평화공원지하공영주차장
37.5934718,126.9153827,노외,160,공영,응암3동 공영주차장
37.59759722,126.9041364,노외,106,공영,봉산도시자연공원지하공영주차장
37.62353926,126.9242879,노외,137,공영,연신중학교지하공영주차장
37.61452363,126.908474,노외,77,공영,구산동마을공원지하공영주차장
37.586576,126.9210145,노외,80,공영,매바위공영주차장
37.62364876,126.923909,노외,152,공영,연광초교지하공영주차장
37.5559103,126.9817973,노상,3,공영,소파로케이블카앞
37.5733652,126.9736652,노외,1260,공영,세종로
37.5929305,126.9971267,노상,26,공영,성북초교
37.5171019,127.1028009,노상,28,공영,성내역(잠실나루역)
37.6154405,127.0601497,노외,76,공영,석계역
37.5696864,126.9793009,노외,44,공영,서린노외
37.5371794,126.966715,노상,16,공영,삼각지고가밑
37.4754044,126.9815541,노외,184,공영,사당노외
37.6163884,127.0897504,노외,88,공영,봉화산역(남)
37.4878392,126.9288007,노상,62,공영,봉천복개3
37.4701887,127.1263393,노외,363,공영,복정역
37.4903768,126.9211905,노외,65,공영,보라매상업
37.5653018,126.9958132,노상,21,공영,배오개길
37.5797572,126.8127804,노외,18,공영,방화우체국
37.5775313,126.8099617,노외,68,공영,방화역(서)
37.5772544,126.8111004,노외,67,공영,방화역(동)
37.5543098,126.8142394,노상,59,공영,방화로
37.5622132,126.9661279,노외,27,공영,미근동
37.5133616,126.895222,노상,11,공영,문래1동
37.5367495,126.878436,노외,56,공영,목동체비지
37.533398,126.8743925,노외,48,공영,목동노외
37.5724784,127.0220394,노외,79,공영,신설동
37.5745447,126.8231232,노외,199,공영,신방화역
37.5709645,126.9709258,노외,17,공영,신문로
37.4875146,126.9108027,노외,60,공영,신대방역
37.4879747,127.0977265,노외,649,공영,수서역
37.6789819,127.0536936,노외,157,공영,수락산역
37.4912871,127.0861116,노외,23,공영,일원동
37.5664163,126.9919961,노상,95,공영,을지로
37.6347781,127.0569293,노외,30,공영,월계역
37.5199657,126.9307747,노상,13,공영,원효대교 남단
37.5237545,126.8492188,노외,79,공영,웃우물
37.534324,126.9632095,노외,561,공영,용산주차빌딩
37.5339619,127.1016861,노상,19,공영,올림픽대교(북)
37.492709,126.8192741,노상,38,공영,온수역(북)
37.4918429,126.8219599,노상,44,공영,온수역(남)
37.5421477,127.0149958,노상,40,공영,옥수역
37.5632834,126.8508669,노외,79,공영,영보빌딩
37.517662,126.9085997,노상,10,공영,영등포로터리
37.5242838,126.8932749,노외,137,공영,영등포구청역
37.4949108,127.0681488,노상,39,공영,영동6교밑
37.5194349,126.9003849,노외,570,공영,영남
37.528538,126.9280652,노상,104,공영,여의서로
37.5397399,126.8880648,노상,6,공영,양평동(동)
37.5235306,127.0261368,노상,19,공영,압구정고가2
37.5235306,127.0261368,노상,19,공영,압구정고가1
37.5217903,127.1010378,노외,221,공영,신천유수지
37.5698144,127.0035149,노상,83,공영,청계5
37.5687922,126.9949447,노상,74,공영,청계3
37.5685262,126.9898441,노상,58,공영,청계2
37.5690466,126.9854801,노상,26,공영,청계1
37.538466,127.1229054,노외,1432,공영,천호역
37.4872365,126.8369623,노외,328,공영,천왕역
37.6522146,127.0436644,노외,107,공영,창동역(서)
37.6015575,126.9183491,노상,14,공영,진흥로
37.5838124,126.9088061,노상,7,공영,증가로
37.5615607,126.9687968,노상,4,공영,중앙일보사
37.5992474,127.0288379,노외,21,공영,종암1동
37.571464,126.9927501,노외,1317,공영,종묘
37.4989044,126.8906892,노상,16,공영,제방도로
37.5279369,126.8431981,노상,85,공영,제물포로
37.5744524,126.9719681,노외,30,공영,적선동 노외
37.5476229,127.0003276,노상,5,공영,장충단로(한남광장)
37.5782299,127.0683977,노외,80,공영,장안2동
37.5694344,127.0648088,노외,74,공영,장안1동
37.5130647,127.1013063,노외,357,공영,잠실역
37.4828145,127.0771713,노외,11,공영,일원터널
37.4846477,127.0818673,노외,67,공영,일원역
37.5673025,127.0015119,노외,873,공영,훈련원공원
37.6199388,127.0850085,노외,328,공영,화랑대역
37.5442002,126.9821939,노외,24,공영,해방촌노외
37.5042678,126.9188851,노상,20,공영,해군본부앞
37.5401391,127.0012104,노외,176,공영,한강진역
37.5129955,126.9549163,노상,25,공영,한강대교(남)
37.4970108,127.0701731,노외,180,공영,학여울역
37.5713014,126.9856307,노상,2,공영,탑골공원
37.5685779,126.9695164,노상,19,공영,청계8가
37.5713749,127.0229447,노상,103,공영,청계8
37.5699701,127.0141458,노상,39,공영,청계7
37.5697689,127.0058237,노상,7,공영,청계6(신평화시장앞)
37.5697689,127.0058237,노상,39,공영,청계6
37.569554,127.0056601,노상,20,공영,청계5가
37.5086351,127.0683804,노외,137,공영,탄천주차장
37.560599,126.847619,노상,61,공영,등촌3동 꿈나무길
37.561217,126.844636,노상,49,공영,등촌3동 구암길
37.550966,126.849532,노상,30,공영,화곡6동 신학대길
37.554165,126.8524896,노상,49,공영,화곡6동 방죽길
37.529024,126.849947,노상,308,공영,"화곡2,4,8동 배다리동길"
37.528779,126.847886,노상,255,공영,화곡1동 배다리서길
37.532988,126.837414,노상,29,공영,화곡1동 달구지길
37.5545411,126.8258394,부설,36,공영,마곡안전체험관
37.5421344,126.8510719,부설,56,공영,봉제산근린공원
37.538511,126.84884,노외,59,공영,화곡8-1
37.5314204,126.839874,노외,99,공영,화곡1-1
37.539744,126.849772,노외,98,공영,화곡본-1
37.549799,126.861316,노외,110,공영,등촌2-1
37.536016,126.839155,노외,86,공영,화곡7-1
37.543454,126.842258,노외,13,공영,화곡5-3
37.544352,126.840763,노외,27,공영,화곡5-2
37.5438705,126.839922,노외,26,공영,화곡5-1
37.541769,126.834727,노외,99,공영,화곡3-1
37.536046,126.852432,노외,58,공영,화곡2-1
37.5443203,126.848448,노외,100,공영,화곡본-2
37.572662,126.835236,노외,202,공영,서울식물원 제2주차장
37.537235,126.837039,노외,512,공영,가로공원로지하
37.52906,126.848898,부설,248,공영,곰달래문화복지센터
37.541816,126.844323,노외,219,공영,볏골공원
37.553032,126.848514,노외,293,공영,화곡6-1
37.534301,126.861044,부설,202,공영,화곡4-1
37.5338224,126.8410246,노외,9,공영,화곡1-2
37.551884,126.855038,부설,32,공영,등서초
37.537679,126.850354,노외,109,공영,화곡8-2
37.4737607,127.1118862,노외,109,공영,밤고개로21길
