hub_name,target_h3,target_dong,terrain_zone,distance_m,flight_time_min,hub_elev,target_elev,elev_diff,urgency
반포천 공영주차장(파미에)(시),8930e1ca3d3ffff,역삼1동,Yellow,2540.2,2.54,24.275653839111328,43.89303207397461,19.61737823486328,0.6387365146478164
반포천 공영주차장(파미에)(시),8930e1ca2abffff,역삼1동,Green,2186.3,2.19,24.275653839111328,30.363113403320312,6.087459564208984,0.5758328157132451
반포천 공영주차장(파미에)(시),8930e1ca2a3ffff,역삼1동,Green,2109.0,2.11,24.275653839111328,35.88217544555664,11.606521606445312,0.5595201603861134
반포천 공영주차장(파미에)(시),8930e1ca2a7ffff,역삼1동,Green,2319.1,2.32,24.275653839111328,35.54750442504883,11.2718505859375,0.5592754206838019
반포천 공영주차장(파미에)(시),8930e1ca2bbffff,역삼1동,Yellow,1913.5,1.91,24.275653839111328,26.66887664794922,2.3932228088378906,0.5490744460738373
영남 공영주차장(시),8930e1d9553ffff,여의동,Green,1125.7,1.13,20.199066162109375,18.43968391418457,-1.7593822479248047,0.45575880975171035
영남 공영주차장(시),8930e1d954fffff,여의동,Yellow,1546.5,1.55,20.199066162109375,14.094833374023438,-6.1042327880859375,0.45574810655254716
영남 공영주차장(시),8930e1d940fffff,영등포동,Green,290.8,0.29,20.199066162109375,19.86334228515625,-0.335723876953125,0.33488656645350606
영남 공영주차장(시),8930e1d943bffff,영등포동,Green,406.5,0.41,20.199066162109375,21.374828338623047,1.1757621765136719,0.284511959591895
영남 공영주차장(시),8930e1d94a3ffff,영등포동,Green,718.0,0.72,20.199066162109375,18.585895538330078,-1.6131706237792969,0.27609181227242147
구로디지털단지역 공영주차장(시),8930e0364a3ffff,가산동,Green,1796.6,1.8,21.36513328552246,17.85931396484375,-3.505819320678711,0.3495165612607999
구로디지털단지역 공영주차장(시),8930e036487ffff,가산동,Green,2195.6,2.2,21.36513328552246,16.202228546142578,-5.162904739379883,0.349124939827692
구로디지털단지역 공영주차장(시),8930e036467ffff,가산동,Green,2431.6,2.43,21.36513328552246,17.889385223388672,-3.475748062133789,0.3451394119686289
구로디지털단지역 공영주차장(시),8930e0364a7ffff,가산동,Yellow,1529.2,1.53,21.36513328552246,18.478105545043945,-2.8870277404785156,0.340891825655689
구로디지털단지역 공영주차장(시),8930e0acb43ffff,가산동,Yellow,2044.7,2.04,21.36513328552246,14.502777099609375,-6.862356185913086,0.3383005660710674
장안1동 공영주차장(시),8930e1c137bffff,화양동,Green,3219.2,3.22,23.52865982055664,22.745330810546875,-0.7833290100097656,0.261650997389426
장안1동 공영주차장(시),8930e1c130fffff,화양동,Green,2603.7,2.6,23.52865982055664,25.034866333007812,1.5062065124511719,0.23281019725919505
장안1동 공영주차장(시),8930e1c1303ffff,화양동,Yellow,2385.9,2.39,23.52865982055664,17.456928253173828,-6.0717315673828125,0.23234159683485442
장안1동 공영주차장(시),8930e1c130bffff,화양동,Yellow,2697.0,2.7,23.52865982055664,21.482114791870117,-2.0465450286865234,0.23203941946785903
장안1동 공영주차장(시),8930e1c1347ffff,화양동,Green,3008.8,3.01,23.52865982055664,23.1174373626709,-0.4112224578857422,0.23144363394278303
천호역 공영주차장(시),8930e1cf087ffff,둔촌1동,Green,1769.3,1.77,22.664630889892578,25.859922409057617,3.195291519165039,0.37317025266051346
천호역 공영주차장(시),8930e1cf5cfffff,길동,Green,1024.0,1.02,22.664630889892578,23.909238815307617,1.244607925415039,0.3382982849918816
천호역 공영주차장(시),8930e1cf51bffff,길동,Green,1246.7,1.25,22.664630889892578,20.44748306274414,-2.2171478271484375,0.30632673271506167
천호역 공영주차장(시),8930e1cf557ffff,길동,Green,1285.2,1.29,22.664630889892578,19.099687576293945,-3.564943313598633,0.29986599202045816
천호역 공영주차장(시),8930e1cf50fffff,길동,Green,1710.3,1.71,22.664630889892578,24.43999481201172,1.7753639221191406,0.2980932560417669
압구정고가1 공영주차장(시),8930e1ca39bffff,역삼1동,Green,2435.6,2.44,25.00431251525879,40.08778762817383,15.083475112915039,0.53675693527092
압구정고가1 공영주차장(시),8930e1ca06fffff,역삼1동,Green,2465.0,2.47,25.00431251525879,48.771209716796875,23.766897201538086,0.529245178026116
압구정고가1 공영주차장(시),8930e1ca383ffff,역삼1동,Green,2435.5,2.44,25.00431251525879,39.35928726196289,14.354974746704102,0.5275573012322419
압구정고가1 공영주차장(시),8930e1ca063ffff,역삼1동,Green,2221.1,2.22,25.00431251525879,39.439849853515625,14.435537338256836,0.5235152036637469
압구정고가1 공영주차장(시),8930e1ca067ffff,역삼1동,Green,2175.0,2.17,25.00431251525879,38.79556655883789,13.791254043579102,0.521640731092862
구파발역 공영주차장(시),8930e1d1623ffff,진관동,Yellow,43.0,0.04,35.06563186645508,45.29557418823242,10.229942321777344,0.26445239765470574
구파발역 공영주차장(시),8930e1d162bffff,진관동,Yellow,346.2,0.35,35.06563186645508,41.377620697021484,6.311988830566406,0.24264350511104035
구파발역 공영주차장(시),8930e1d1667ffff,진관동,Green,659.4,0.66,35.06563186645508,52.86970520019531,17.804073333740234,0.23762395055198712
구파발역 공영주차장(시),8930e1d16afffff,진관동,Green,502.2,0.5,35.06563186645508,35.089508056640625,0.023876190185546875,0.23584818853712608
구파발역 공영주차장(시),8930e1d1287ffff,진관동,Yellow,915.7,0.92,35.06563186645508,45.52311325073242,10.457481384277344,0.2337848741505404
봉천복개3 공영주차장(시),8930e036d57ffff,청룡동,Green,1805.1,1.81,34.721370697021484,49.82988739013672,15.108516693115234,0.28654511618419953
봉천복개3 공영주차장(시),8930e036dcfffff,청룡동,Green,1520.1,1.52,34.721370697021484,46.47386932373047,11.752498626708984,0.27245249877100336
봉천복개3 공영주차장(시),8930e036d1bffff,청룡동,Green,1687.8,1.69,34.721370697021484,47.18523406982422,12.463863372802734,0.25734271357751115
봉천복개3 공영주차장(시),8930e036dcbffff,청룡동,Yellow,1384.2,1.38,34.721370697021484,42.34431076049805,7.6229400634765625,0.2530227777963136
봉천복개3 공영주차장(시),8930e1d9e0bffff,상도1동,Yellow,2391.3,2.39,34.721370697021484,70.0153579711914,35.29398727416992,0.24176460681962791
석계역 공영주차장(시),8930e1c018bffff,묵1동,Green,2253.1,2.25,30.06182098388672,30.14605712890625,0.08423614501953125,0.404770628101623
석계역 공영주차장(시),8930e1c053bffff,공릉2동,Green,2015.7,2.02,30.06182098388672,38.485565185546875,8.423744201660156,0.2402578156197806
석계역 공영주차장(시),8930e1c050fffff,공릉2동,Green,1752.9,1.75,30.06182098388672,33.42448425292969,3.3626632690429688,0.22866636765968246
석계역 공영주차장(시),8930e1c0563ffff,공릉2동,Yellow,1664.7,1.66,30.06182098388672,28.442100524902344,-1.619720458984375,0.22665753938107003
석계역 공영주차장(시),8930e1c0533ffff,공릉2동,Green,2237.3,2.24,30.06182098388672,37.334774017333984,7.272953033447266,0.22148301135604723
청계7가 공영주차장(시),8930e1c144fffff,왕십리도선동,Green,1481.3,1.48,30.039514541625977,31.167457580566406,1.1279430389404297,0.2389507683375981
청계7가 공영주차장(시),8930e1c1457ffff,왕십리도선동,Green,1053.7,1.05,30.039514541625977,29.428363800048828,-0.6111507415771484,0.2126727289271371
청계7가 공영주차장(시),8930e1c16abffff,행당1동,Green,2189.4,2.19,30.039514541625977,29.352840423583984,-0.6866741180419922,0.2118950358453183
청계7가 공영주차장(시),8930e1d8d07ffff,이화동,Green,1854.3,1.85,30.039514541625977,44.94083786010742,14.901323318481445,0.19372434513077638
청계7가 공영주차장(시),8930e1d8db3ffff,혜화동,Yellow,2416.1,2.42,30.039514541625977,43.521995544433594,13.482481002807617,0.1933170855084635
진흥로 공영주차장(시),8930e1da1abffff,대조동,Green,1252.8,1.25,30.78219985961914,40.1629638671875,9.38076400756836,0.3478477286994385
진흥로 공영주차장(시),8930e1da1bbffff,대조동,Yellow,1272.6,1.27,30.78219985961914,36.63167190551758,5.8494720458984375,0.3119680741009785
진흥로 공영주차장(시),8930e1da18bffff,대조동,Green,868.5,0.87,30.78219985961914,36.8580207824707,6.0758209228515625,0.3055109202146197
진흥로 공영주차장(시),8930e1da197ffff,대조동,Green,1492.7,1.49,30.78219985961914,40.833900451660156,10.051700592041016,0.29958809775962897
진흥로 공영주차장(시),8930e1da52fffff,대조동,Green,1669.4,1.67,30.78219985961914,38.03401565551758,7.2518157958984375,0.2989852223545576
여의서로 공영주차장(시),8930e1d953bffff,여의동,Green,1088.3,1.09,19.20578956604004,23.176116943359375,3.970327377319336,0.5428424351025317
여의서로 공영주차장(시),8930e1d9517ffff,여의동,Green,511.9,0.51,19.20578956604004,22.93756103515625,3.731771469116211,0.5287687941655566
여의서로 공영주차장(시),8930e1d919bffff,여의동,Green,1890.5,1.89,19.20578956604004,23.95806312561035,4.7522735595703125,0.5270451963095321
여의서로 공영주차장(시),8930e1d9567ffff,여의동,Green,1605.4,1.61,19.20578956604004,23.77925682067871,4.573467254638672,0.5233224313594244
여의서로 공영주차장(시),8930e1d9577ffff,여의동,Green,1323.0,1.32,19.20578956604004,23.938125610351562,4.732336044311523,0.522987860717711
난지중앙로노상공영주차장(시),8930e1db5a7ffff,상암동,Yellow,1580.4,1.58,38.163875579833984,20.56879234313965,-17.595083236694336,0.2609384505615022
난지중앙로노상공영주차장(시),8930e1da2dbffff,상암동,Green,1640.2,1.64,38.163875579833984,23.628223419189453,-14.535652160644531,0.22375063351788366
난지중앙로노상공영주차장(시),8930e1db187ffff,성산2동,Yellow,2037.5,2.04,38.163875579833984,20.229598999023438,-17.934276580810547,0.22266495063707212
난지중앙로노상공영주차장(시),8930e1da2cbffff,상암동,Green,1747.1,1.75,38.163875579833984,20.392000198364258,-17.771875381469727,0.22181444386329524
난지중앙로노상공영주차장(시),8930e1da2c3ffff,상암동,Yellow,1907.1,1.91,38.163875579833984,19.75107192993164,-18.412803649902344,0.21710939356923742
세종로 공영주차장(시),8930e1d80b3ffff,신촌동,Yellow,3235.5,3.24,46.853424072265625,40.8698844909668,-5.983539581298828,0.34636849825863636
세종로 공영주차장(시),8930e1d8087ffff,신촌동,Green,3502.6,3.5,46.853424072265625,40.31616973876953,-6.537254333496094,0.33932920432049807
세종로 공영주차장(시),8930e1d80abffff,신촌동,Green,3287.6,3.29,46.853424072265625,43.360633850097656,-3.4927902221679688,0.3341432905912545
세종로 공영주차장(시),8930e1d8097ffff,신촌동,Yellow,3640.4,3.64,46.853424072265625,37.72819519042969,-9.125228881835938,0.3076830354700155
세종로 공영주차장(시),8930e1d80a7ffff,신촌동,Green,2848.5,2.85,46.853424072265625,54.17606735229492,7.322643280029297,0.3001710338719527
도봉로 15길 공영주차장(시),8930e1c33b3ffff,종암동,Green,1929.2,1.93,49.50276565551758,37.4599494934082,-12.042816162109375,0.22008551225258047
도봉로 15길 공영주차장(시),8930e1c3383ffff,종암동,Green,2046.1,2.05,49.50276565551758,41.53890609741211,-7.963859558105469,0.2030494841187945
도봉로 15길 공영주차장(시),8930e1c3087ffff,길음1동,Yellow,1193.9,1.19,49.50276565551758,79.09793853759766,29.595172882080078,0.19033842243757326
도봉로 15길 공영주차장(시),8930e1c33b7ffff,종암동,Green,1925.0,1.92,49.50276565551758,39.97160339355469,-9.53116226196289,0.190324553411376
도봉로 15길 공영주차장(시),8930e1c3397ffff,종암동,Green,1738.2,1.74,49.50276565551758,44.808616638183594,-4.694149017333984,0.18951876233556983
명일파출소 공영주차장(시),8930e1cf5abffff,길동,Green,1548.4,1.55,35.852664947509766,25.56911277770996,-10.283552169799805,0.289616454411055
명일파출소 공영주차장(시),8930e1cf53bffff,길동,Green,1878.4,1.88,35.852664947509766,25.609638214111328,-10.243026733398438,0.2824897274143167
명일파출소 공영주차장(시),8930e1cf523ffff,길동,Green,1677.9,1.68,35.852664947509766,33.3988037109375,-2.4538612365722656,0.2793479728170778
명일파출소 공영주차장(시),8930e1ce153ffff,강일동,Green,2452.6,2.45,35.852664947509766,25.68711280822754,-10.165552139282227,0.2744725192599815
명일파출소 공영주차장(시),8930e1cf533ffff,길동,Green,1587.8,1.59,35.852664947509766,29.300090789794922,-6.552574157714844,0.2735511135374342
창동역(서) 공영주차장(시),8930e1c204bffff,창2동,Green,1366.4,1.37,31.820453643798828,38.76313400268555,6.942680358886719,0.19041712077264158
창동역(서) 공영주차장(시),8930e1c205bffff,창2동,Green,1346.1,1.35,31.820453643798828,37.26278305053711,5.442329406738281,0.18323302925081547
창동역(서) 공영주차장(시),8930e1c2297ffff,창2동,Green,1600.4,1.6,31.820453643798828,35.124637603759766,3.3041839599609375,0.17680540214633925
창동역(서) 공영주차장(시),8930e1c2043ffff,창2동,Green,1097.1,1.1,31.820453643798828,40.18094253540039,8.360488891601562,0.17156532620284248
창동역(서) 공영주차장(시),8930e1c204fffff,창2동,Green,1147.5,1.15,31.820453643798828,40.675315856933594,8.854862213134766,0.16220465914888685
천왕역 공영주차장(시),8930e0add83ffff,오류2동,Green,520.0,0.52,29.58268165588379,33.241485595703125,3.658803939819336,0.20923631121911945
천왕역 공영주차장(시),8930e0add03ffff,오류2동,Green,1274.2,1.27,29.58268165588379,18.561399459838867,-11.021282196044922,0.1900874746546288
천왕역 공영주차장(시),8930e0addbbffff,오류2동,Yellow,725.3,0.73,29.58268165588379,13.924201965332031,-15.658479690551758,0.18814609073864214
천왕역 공영주차장(시),8930e0add8fffff,오류2동,Green,734.0,0.73,29.58268165588379,25.27753257751465,-4.305149078369141,0.18758951147147332
천왕역 공영주차장(시),8930e0add87ffff,오류2동,Yellow,446.9,0.45,29.58268165588379,25.193416595458984,-4.389265060424805,0.18587474537381665
면목유수지 공영주차장(시),8930e1c1c1bffff,면목4동,Yellow,765.7,0.77,15.940404891967773,49.15523147583008,33.214826583862305,0.2767140808333723
면목유수지 공영주차장(시),8930e1c0307ffff,망우본동,Green,2174.7,2.17,15.940404891967773,29.560585021972656,13.620180130004883,0.2220085050232387
면목유수지 공영주차장(시),8930e1c0ecbffff,망우본동,Green,2890.0,2.89,15.940404891967773,27.94281768798828,12.002412796020508,0.19215291661002837
면목유수지 공영주차장(시),8930e1c0337ffff,망우본동,Green,2645.7,2.65,15.940404891967773,29.351030349731445,13.410625457763672,0.18969244913980124
면목유수지 공영주차장(시),8930e1c0ecfffff,망우본동,Green,3138.3,3.14,15.940404891967773,35.014286041259766,19.073881149291992,0.18845593973481956
사당노외 공영주차장(시),8930e1cb547ffff,서초3동,Green,2241.6,2.24,30.836347579956055,50.74708938598633,19.910741806030273,0.30983520276324866
사당노외 공영주차장(시),8930e1cb50bffff,서초3동,Green,2351.0,2.35,30.836347579956055,39.63233947753906,8.795991897583008,0.3091600746779464
사당노외 공영주차장(시),8930e1cb557ffff,서초3동,Green,2084.9,2.08,30.836347579956055,43.919830322265625,13.08348274230957,0.30870168045231877
사당노외 공영주차장(시),8930e1cb543ffff,서초3동,Green,1982.3,1.98,30.836347579956055,56.66976547241211,25.833417892456055,0.30710000449580616
사당노외 공영주차장(시),8930e1cb573ffff,서초3동,Green,2502.7,2.5,30.836347579956055,45.7783317565918,14.941984176635742,0.3065337081308365
