ADM_NM,GU_NM,n_cells,avg_urgency,avg_composite,avg_airspace,avg_obstacle,avg_noise,avg_terrain,avg_weather,pct_feasible
가락1동,송파구,20,0.105,0.0,0.0,0.739,0.948,0.875,0.953,0.0
가락2동,송파구,13,0.105,0.0,0.0,0.725,0.844,1.0,0.973,0.0
가락본동,송파구,15,0.208,0.0,0.0,0.715,0.84,0.967,0.974,0.0
가리봉동,구로구,6,0.044,0.352,1.0,0.572,0.689,0.917,0.96,100.0
가산동,금천구,35,0.507,0.314,1.0,0.416,0.885,0.914,0.955,100.0
가양1동,강서구,65,0.0,0.79,1.0,0.873,0.965,0.954,0.972,100.0
가양2동,강서구,12,0.042,0.737,1.0,0.773,0.976,1.0,0.974,100.0
가양3동,강서구,6,0.037,0.529,1.0,0.559,0.957,1.0,0.981,100.0
가회동,종로구,7,0.062,0.339,1.0,0.667,0.725,0.786,0.922,85.714
갈현1동,은평구,13,0.104,0.385,1.0,0.934,0.684,0.731,0.892,84.615
갈현2동,은평구,15,0.107,0.3,1.0,0.793,0.709,0.6,0.884,86.667
강일동,강동구,31,0.16,0.885,1.0,0.96,0.98,0.968,0.972,100.0
개봉1동,구로구,17,0.1,0.452,1.0,0.826,0.757,0.794,0.936,94.118
개봉2동,구로구,11,0.083,0.545,1.0,0.88,0.805,0.818,0.929,90.909
개봉3동,구로구,10,0.062,0.473,1.0,0.891,0.807,0.7,0.904,90.0
개포1동,강남구,22,0.065,0.0,0.0,0.844,0.912,0.886,0.945,0.0
개포2동,강남구,31,0.165,0.0,0.0,0.827,0.956,0.806,0.937,0.0
개포3동,강남구,16,0.0,0.0,0.0,0.864,0.956,0.906,0.958,0.0
개포4동,강남구,23,0.072,0.0,0.0,0.885,0.895,0.826,0.933,0.0
거여1동,송파구,9,0.036,0.0,0.0,0.741,0.84,0.889,0.956,0.0
거여2동,송파구,7,0.067,0.0,0.0,0.744,0.687,1.0,0.973,0.0
고덕1동,강동구,21,0.07,0.732,1.0,0.844,0.953,0.952,0.96,100.0
고덕2동,강동구,36,0.089,0.733,1.0,0.892,0.951,0.903,0.959,100.0
고척1동,구로구,16,0.112,0.398,1.0,0.572,0.838,0.906,0.955,100.0
고척2동,구로구,16,0.055,0.379,1.0,0.796,0.758,0.719,0.923,87.5
공덕동,마포구,13,0.163,0.386,1.0,0.785,0.608,0.885,0.934,100.0
공릉1동,노원구,17,0.179,0.569,1.0,0.812,0.822,0.882,0.957,100.0
공릉2동,노원구,95,0.209,0.636,1.0,0.815,0.961,0.858,0.94,92.632
공항동,강서구,146,0.156,0.869,1.0,0.936,0.964,0.979,0.98,100.0
광장동,광진구,33,0.13,0.514,1.0,0.708,0.941,0.818,0.941,100.0
광희동,중구,12,0.181,0.26,1.0,0.572,0.625,0.833,0.936,100.0
교남동,종로구,3,0.023,0.319,1.0,0.767,0.553,0.833,0.918,100.0
구로1동,구로구,17,0.043,0.615,1.0,0.725,0.953,0.941,0.963,100.0
구로2동,구로구,26,0.141,0.343,1.0,0.608,0.714,0.885,0.964,100.0
구로3동,구로구,14,0.342,0.346,1.0,0.45,0.848,0.964,0.968,100.0
구로4동,구로구,6,0.089,0.423,1.0,0.689,0.653,1.0,0.969,100.0
구로5동,구로구,14,0.224,0.492,1.0,0.661,0.8,0.964,0.973,100.0
구산동,은평구,19,0.083,0.491,1.0,0.812,0.822,0.763,0.928,94.737
구의1동,광진구,9,0.133,0.473,1.0,0.775,0.637,1.0,0.984,100.0
구의2동,광진구,19,0.091,0.436,1.0,0.906,0.806,0.684,0.901,78.947
구의3동,광진구,13,0.138,0.62,1.0,0.749,0.848,1.0,0.97,100.0
군자동,광진구,10,0.136,0.351,1.0,0.736,0.634,0.85,0.952,100.0
금호1가동,성동구,5,0.034,0.398,1.0,0.876,0.853,0.6,0.881,100.0
금호2·3가동,성동구,10,0.082,0.246,1.0,0.876,0.652,0.5,0.846,70.0
금호4가동,성동구,11,0.036,0.475,1.0,0.936,0.841,0.682,0.891,100.0
길동,강동구,21,0.285,0.54,1.0,0.793,0.821,0.905,0.95,95.238
길음1동,성북구,12,0.115,0.519,1.0,0.857,0.869,0.75,0.914,100.0
길음2동,성북구,10,0.061,0.482,1.0,0.844,0.681,0.9,0.938,100.0
낙성대동,관악구,29,0.148,0.47,1.0,0.834,0.906,0.69,0.909,89.655
난곡동,관악구,13,0.057,0.474,1.0,0.91,0.671,0.846,0.939,100.0
난향동,관악구,11,0.021,0.365,1.0,0.951,0.886,0.5,0.851,63.636
남가좌1동,서대문구,7,0.027,0.605,1.0,0.8,0.924,0.857,0.945,100.0
남가좌2동,서대문구,11,0.097,0.455,1.0,0.788,0.702,0.864,0.95,100.0
남영동,용산구,16,0.156,0.402,1.0,0.587,0.792,0.938,0.959,100.0
남현동,관악구,45,0.117,0.408,1.0,0.983,0.941,0.489,0.854,66.667
내곡동,서초구,172,0.071,0.0,0.0,0.993,0.972,0.738,0.909,0.0
노량진1동,동작구,24,0.184,0.524,1.0,0.799,0.796,0.854,0.93,100.0
노량진2동,동작구,8,0.079,0.463,1.0,0.738,0.668,1.0,0.97,100.0
녹번동,은평구,25,0.13,0.435,1.0,0.872,0.773,0.7,0.911,96.0
논현1동,강남구,17,0.308,0.55,1.0,0.808,0.755,0.941,0.96,100.0
논현2동,강남구,19,0.342,0.465,1.0,0.644,0.799,0.921,0.955,100.0
능동,광진구,16,0.072,0.613,1.0,0.844,0.811,0.938,0.963,100.0
다산동,중구,8,0.066,0.262,1.0,0.806,0.631,0.562,0.903,100.0
답십리1동,동대문구,11,0.079,0.395,1.0,0.781,0.571,0.909,0.957,100.0
답십리2동,동대문구,12,0.081,0.489,1.0,0.799,0.716,0.875,0.954,100.0
당산1동,영등포구,9,0.153,0.305,1.0,0.611,0.701,0.778,0.95,100.0
당산2동,영등포구,25,0.221,0.614,1.0,0.785,0.889,0.92,0.961,100.0
대림1동,영등포구,7,0.061,0.37,1.0,0.733,0.632,0.857,0.955,100.0
대림2동,영등포구,9,0.127,0.39,1.0,0.741,0.628,0.889,0.954,100.0
대림3동,영등포구,12,0.133,0.57,1.0,0.844,0.719,0.958,0.968,100.0
대방동,동작구,21,0.167,0.489,1.0,0.733,0.785,0.905,0.947,100.0
대조동,은평구,10,0.223,0.454,1.0,0.821,0.649,0.9,0.949,100.0
대치1동,강남구,13,0.166,0.0,0.0,0.456,0.955,0.923,0.96,0.0
대치2동,강남구,26,0.273,0.0,0.0,0.557,0.916,0.904,0.952,0.0
대치4동,강남구,8,0.35,0.0,0.0,0.747,0.74,0.938,0.969,0.0
대학동,관악구,115,0.185,0.325,1.0,0.871,0.966,0.47,0.835,59.13
대흥동,마포구,12,0.113,0.328,1.0,0.656,0.674,0.792,0.932,100.0
도곡1동,강남구,14,0.165,0.0,0.0,0.639,0.906,0.821,0.935,0.0
도곡2동,강남구,12,0.138,0.0,0.0,0.572,0.914,0.792,0.937,0.0
도림동,영등포구,8,0.051,0.524,1.0,0.932,0.618,0.938,0.98,100.0
도봉1동,도봉구,114,0.073,0.489,1.0,0.973,0.957,0.579,0.867,73.684
도봉2동,도봉구,19,0.058,0.511,1.0,0.644,0.874,0.974,0.954,100.0
도화동,마포구,7,0.136,0.373,1.0,0.556,0.767,0.929,0.96,100.0
독산1동,금천구,28,0.19,0.534,1.0,0.658,0.866,0.911,0.962,100.0
독산2동,금천구,7,0.043,0.421,1.0,0.867,0.57,0.929,0.953,100.0
독산3동,금천구,12,0.081,0.517,1.0,0.799,0.679,1.0,0.975,100.0
독산4동,금천구,8,0.049,0.566,1.0,0.864,0.685,1.0,0.97,100.0
돈암1동,성북구,5,0.021,0.563,1.0,0.736,0.808,1.0,0.969,100.0
돈암2동,성북구,7,0.041,0.395,1.0,0.578,0.798,0.857,0.943,100.0
동선동,성북구,12,0.181,0.324,1.0,0.663,0.625,0.833,0.932,100.0
동화동,중구,5,0.039,0.366,1.0,0.86,0.584,0.8,0.938,100.0
둔촌1동,강동구,13,0.072,0.176,0.231,0.922,0.975,1.0,0.984,23.077
둔촌2동,강동구,23,0.104,0.585,1.0,0.797,0.888,0.87,0.953,100.0
등촌1동,강서구,9,0.116,0.303,1.0,0.447,0.835,0.889,0.952,100.0
등촌2동,강서구,12,0.051,0.568,1.0,0.89,0.828,0.833,0.927,100.0
등촌3동,강서구,15,0.177,0.446,1.0,0.544,0.929,0.9,0.953,100.0
마장동,성동구,14,0.074,0.435,1.0,0.8,0.68,0.786,0.93,92.857
마천1동,송파구,9,0.032,0.0,0.0,0.784,0.729,0.944,0.969,0.0
마천2동,송파구,11,0.074,0.0,0.0,0.915,0.779,0.818,0.939,0.0
망우3동,중랑구,14,0.034,0.559,1.0,0.917,0.744,0.893,0.939,92.857
망우본동,중랑구,39,0.171,0.539,1.0,0.858,0.863,0.782,0.918,89.744
망원1동,마포구,16,0.132,0.714,1.0,0.932,0.778,1.0,0.972,100.0
망원2동,마포구,10,0.067,0.543,1.0,0.813,0.761,0.9,0.942,100.0
면목2동,중랑구,12,0.064,0.475,1.0,0.838,0.633,0.917,0.96,100.0
면목3·8동,중랑구,23,0.098,0.495,1.0,0.895,0.797,0.761,0.91,82.609
면목4동,중랑구,12,0.042,0.32,1.0,0.883,0.75,0.583,0.881,75.0
면목5동,중랑구,10,0.034,0.641,1.0,0.922,0.754,0.95,0.959,100.0
면목7동,중랑구,15,0.066,0.517,1.0,0.912,0.793,0.767,0.912,86.667
면목본동,중랑구,11,0.127,0.446,1.0,0.894,0.51,1.0,0.978,100.0
명동,중구,14,0.464,0.286,1.0,0.4,0.802,0.964,0.963,100.0
명일1동,강동구,8,0.113,0.498,1.0,0.592,0.882,1.0,0.973,100.0
명일2동,강동구,13,0.19,0.529,1.0,0.623,0.945,0.962,0.965,100.0
목1동,양천구,20,0.184,0.565,1.0,0.662,0.941,0.95,0.968,100.0
목2동,양천구,12,0.089,0.564,1.0,0.844,0.783,0.917,0.943,100.0
목3동,양천구,10,0.073,0.511,1.0,0.751,0.732,0.95,0.975,100.0
목4동,양천구,8,0.066,0.489,1.0,0.806,0.686,0.938,0.963,100.0
목5동,양천구,24,0.153,0.403,1.0,0.511,0.959,0.854,0.95,100.0
무악동,종로구,6,0.008,0.268,1.0,0.896,0.876,0.417,0.84,83.333
묵1동,중랑구,18,0.095,0.581,1.0,0.767,0.821,0.944,0.965,100.0
묵2동,중랑구,10,0.067,0.562,1.0,0.86,0.726,0.95,0.96,100.0
문래동,영등포구,25,0.222,0.403,1.0,0.561,0.866,0.9,0.96,100.0
문정1동,송파구,7,0.084,0.0,0.0,0.822,0.789,1.0,0.984,0.0
문정2동,송파구,31,0.276,0.0,0.0,0.789,0.975,0.935,0.97,0.0
미성동,관악구,19,0.069,0.398,1.0,0.82,0.794,0.684,0.896,84.211
미아동,강북구,12,0.113,0.341,1.0,0.715,0.702,0.75,0.926,91.667
반포1동,서초구,14,0.159,0.528,1.0,0.75,0.85,0.893,0.962,100.0
반포2동,서초구,21,0.082,0.553,1.0,0.748,0.97,0.786,0.943,100.0
반포3동,서초구,18,0.115,0.521,1.0,0.611,0.981,0.833,0.953,100.0
반포4동,서초구,19,0.255,0.364,1.0,0.509,0.916,0.842,0.941,100.0
반포본동,서초구,12,0.009,0.557,1.0,0.708,0.972,0.833,0.946,100.0
발산1동,강서구,42,0.155,0.653,1.0,0.765,0.93,0.94,0.96,97.619
방배1동,서초구,9,0.109,0.508,1.0,0.827,0.729,0.889,0.946,100.0
방배2동,서초구,26,0.103,0.438,1.0,0.895,0.816,0.654,0.894,84.615
방배3동,서초구,32,0.07,0.503,1.0,0.842,0.921,0.734,0.904,87.5
방배4동,서초구,14,0.117,0.453,1.0,0.706,0.767,0.893,0.95,100.0
방배본동,서초구,10,0.087,0.309,1.0,0.58,0.791,0.75,0.912,100.0
방이1동,송파구,9,0.064,0.0,0.0,0.585,0.822,1.0,0.987,0.0
방이2동,송파구,10,0.282,0.0,0.0,0.852,0.73,1.0,0.968,0.0
방학1동,도봉구,12,0.111,0.466,1.0,0.78,0.765,0.833,0.954,100.0
방학2동,도봉구,14,0.036,0.663,1.0,0.928,0.781,0.964,0.958,100.0
방학3동,도봉구,29,0.051,0.454,1.0,0.793,0.946,0.69,0.904,86.207
방화1동,강서구,22,0.15,0.661,1.0,0.798,0.842,1.0,0.979,100.0
방화2동,강서구,86,0.11,0.776,1.0,0.92,0.943,0.919,0.961,98.837
방화3동,강서구,36,0.0,0.716,1.0,0.853,0.957,0.917,0.961,100.0
번1동,강북구,9,0.0,0.364,1.0,0.767,0.56,0.889,0.95,100.0
번2동,강북구,13,0.0,0.479,1.0,0.868,0.869,0.692,0.907,92.308
번3동,강북구,15,0.0,0.55,1.0,0.891,0.952,0.7,0.909,86.667
보광동,용산구,9,0.025,0.476,1.0,0.879,0.654,0.778,0.943,100.0
보라매동,관악구,11,0.088,0.4,1.0,0.852,0.65,0.818,0.942,100.0
보문동,성북구,7,0.048,0.36,1.0,0.9,0.528,0.786,0.92,85.714
부암동,종로구,31,0.029,0.318,1.0,0.895,0.894,0.452,0.843,67.742
북가좌1동,서대문구,7,0.031,0.594,1.0,0.789,0.84,0.929,0.961,100.0
북가좌2동,서대문구,13,0.106,0.438,1.0,0.904,0.66,0.808,0.927,100.0
북아현동,서대문구,7,0.18,0.277,1.0,0.756,0.502,0.786,0.923,100.0
불광1동,은평구,42,0.117,0.534,1.0,0.876,0.892,0.726,0.906,88.095
불광2동,은평구,20,0.086,0.385,1.0,0.868,0.729,0.675,0.904,95.0
사근동,성동구,16,0.177,0.402,1.0,0.533,0.838,0.938,0.965,100.0
사당1동,동작구,7,0.155,0.317,1.0,0.933,0.573,0.643,0.885,100.0
사당2동,동작구,38,0.197,0.513,1.0,0.889,0.91,0.671,0.894,86.842
사당3동,동작구,15,0.053,0.387,1.0,0.736,0.776,0.7,0.908,86.667
사당4동,동작구,6,0.049,0.378,1.0,0.896,0.69,0.667,0.902,100.0
사당5동,동작구,10,0.033,0.516,1.0,0.86,0.833,0.75,0.921,90.0
사직동,종로구,18,0.259,0.322,1.0,0.624,0.808,0.778,0.926,94.444
삼각산동,강북구,7,0.066,0.573,1.0,0.811,0.838,0.929,0.93,100.0
삼선동,성북구,15,0.116,0.413,1.0,0.756,0.634,0.933,0.946,100.0
삼성1동,강남구,27,0.453,0.251,0.444,0.651,0.911,0.852,0.946,40.741
삼성2동,강남구,16,0.215,0.332,0.562,0.757,0.839,0.906,0.957,56.25
삼성동,관악구,37,0.054,0.346,1.0,0.916,0.866,0.514,0.862,70.27
삼양동,강북구,13,0.065,0.374,1.0,0.868,0.624,0.769,0.921,92.308
삼전동,송파구,14,0.15,0.0,0.0,0.867,0.714,0.929,0.962,0.0
삼청동,종로구,20,0.063,0.565,1.0,0.86,0.883,0.8,0.928,95.0
상계10동,노원구,13,0.034,0.595,1.0,0.647,0.943,1.0,0.97,100.0
상계1동,노원구,73,0.144,0.591,1.0,0.919,0.965,0.719,0.901,80.822
상계2동,노원구,8,0.159,0.522,1.0,0.747,0.724,1.0,0.969,100.0
상계3·4동,노원구,70,0.064,0.462,1.0,0.972,0.912,0.579,0.871,75.714
상계5동,노원구,12,0.049,0.42,1.0,0.819,0.77,0.792,0.916,83.333
상계6·7동,노원구,21,0.181,0.603,1.0,0.674,0.952,0.976,0.965,100.0
상계8동,노원구,9,0.067,0.583,1.0,0.723,0.958,0.889,0.954,100.0
상계9동,노원구,9,0.06,0.684,1.0,0.732,0.952,1.0,0.973,100.0
상도1동,동작구,20,0.204,0.283,1.0,0.724,0.741,0.6,0.891,75.0
상도2동,동작구,11,0.095,0.522,1.0,0.859,0.659,0.955,0.969,100.0
상도3동,동작구,9,0.082,0.446,1.0,0.922,0.619,0.778,0.94,100.0
상도4동,동작구,12,0.073,0.333,1.0,0.942,0.603,0.667,0.898,91.667
상봉1동,중랑구,12,0.056,0.502,1.0,0.747,0.796,0.875,0.962,100.0
상봉2동,중랑구,8,0.136,0.48,1.0,0.776,0.657,1.0,0.98,100.0
상암동,마포구,120,0.298,0.62,1.0,0.892,0.97,0.746,0.924,91.667
상일1동,강동구,22,0.0,0.729,1.0,0.869,0.96,0.909,0.951,100.0
상일2동,강동구,15,0.0,0.819,1.0,0.891,0.979,0.967,0.972,100.0
서강동,마포구,20,0.129,0.553,1.0,0.833,0.854,0.8,0.931,95.0
서교동,마포구,22,0.766,0.405,1.0,0.784,0.679,0.818,0.945,100.0
서림동,관악구,14,0.062,0.473,1.0,0.917,0.741,0.786,0.917,92.857
서빙고동,용산구,39,0.037,0.657,1.0,0.848,0.919,0.859,0.948,100.0
서원동,관악구,10,0.173,0.369,1.0,0.774,0.667,0.8,0.912,90.0
서초1동,서초구,20,0.19,0.355,0.75,0.638,0.861,0.925,0.945,75.0
서초2동,서초구,17,0.283,0.079,0.353,0.424,0.917,0.794,0.928,35.294
서초3동,서초구,43,0.429,0.386,0.977,0.647,0.906,0.767,0.918,81.395
서초4동,서초구,11,0.288,0.331,1.0,0.441,0.928,0.864,0.937,100.0
석관동,성북구,22,0.107,0.53,1.0,0.813,0.728,0.955,0.961,100.0
석촌동,송파구,11,0.161,0.0,0.0,0.894,0.7,0.955,0.971,0.0
성내1동,강동구,8,0.102,0.324,0.625,0.689,0.81,0.938,0.972,62.5
성내2동,강동구,9,0.122,0.429,1.0,0.715,0.626,1.0,0.98,100.0
성내3동,강동구,9,0.145,0.324,0.556,0.81,0.733,0.889,0.972,55.556
성북동,성북구,37,0.077,0.393,1.0,0.939,0.834,0.581,0.872,78.378
성산1동,마포구,10,0.077,0.383,1.0,0.837,0.72,0.7,0.903,90.0
성산2동,마포구,27,0.143,0.562,1.0,0.807,0.894,0.833,0.94,96.296
성수1가1동,성동구,27,0.082,0.657,1.0,0.85,0.884,0.889,0.959,100.0
성수1가2동,성동구,11,0.122,0.569,1.0,0.859,0.753,0.909,0.961,100.0
성수2가1동,성동구,14,0.109,0.466,1.0,0.739,0.752,0.821,0.955,100.0
성수2가3동,성동구,15,0.209,0.337,1.0,0.476,0.781,0.933,0.962,100.0
성현동,관악구,10,0.061,0.366,1.0,0.806,0.763,0.65,0.904,90.0
세곡동,강남구,88,0.154,0.0,0.0,0.96,0.97,0.807,0.93,0.0
소공동,중구,14,0.287,0.256,1.0,0.322,0.893,0.929,0.971,100.0
송정동,성동구,9,0.026,0.503,1.0,0.793,0.751,0.889,0.958,100.0
송중동,강북구,15,0.143,0.349,1.0,0.839,0.645,0.733,0.917,93.333
송천동,강북구,12,0.095,0.377,1.0,0.896,0.537,0.833,0.945,100.0
송파1동,송파구,10,0.124,0.0,0.0,0.79,0.716,0.95,0.955,0.0
송파2동,송파구,7,0.07,0.0,0.0,0.656,0.854,1.0,0.979,0.0
수궁동,구로구,36,0.064,0.589,1.0,0.788,0.918,0.875,0.939,97.222
수색동,은평구,14,0.045,0.44,1.0,0.889,0.861,0.643,0.897,85.714
수서동,강남구,24,0.114,0.0,0.0,0.864,0.969,0.896,0.952,0.0
수유1동,강북구,23,0.0,0.436,1.0,0.902,0.796,0.696,0.899,86.957
수유2동,강북구,8,0.0,0.425,1.0,0.835,0.58,0.938,0.956,100.0
수유3동,강북구,9,0.0,0.414,1.0,0.836,0.513,1.0,0.969,100.0
숭인1동,종로구,3,0.018,0.328,1.0,0.767,0.534,0.833,0.947,100.0
숭인2동,종로구,6,0.06,0.349,1.0,0.728,0.567,0.917,0.952,100.0
시흥1동,금천구,21,0.135,0.447,1.0,0.704,0.771,0.905,0.957,100.0
시흥2동,금천구,16,0.033,0.273,1.0,0.772,0.959,0.438,0.848,75.0
시흥3동,금천구,18,0.029,0.515,1.0,0.78,0.905,0.806,0.93,100.0
시흥4동,금천구,12,0.027,0.533,1.0,0.883,0.792,0.833,0.932,91.667
시흥5동,금천구,21,0.04,0.543,1.0,0.893,0.823,0.81,0.914,85.714
신길1동,영등포구,11,0.081,0.462,1.0,0.866,0.658,0.864,0.951,100.0
신길3동,영등포구,6,0.042,0.575,1.0,0.883,0.674,1.0,0.98,100.0
신길4동,영등포구,5,0.017,0.609,1.0,0.938,0.666,1.0,0.98,100.0
신길5동,영등포구,6,0.027,0.562,1.0,0.844,0.69,1.0,0.984,100.0
신길6동,영등포구,9,0.085,0.477,1.0,0.732,0.778,0.889,0.949,100.0
신길7동,영등포구,7,0.062,0.572,1.0,0.744,0.828,0.929,0.968,100.0
신내1동,중랑구,37,0.122,0.612,1.0,0.853,0.928,0.811,0.938,97.297
신내2동,중랑구,13,0.059,0.613,1.0,0.761,0.965,0.885,0.945,92.308
신당5동,중구,4,0.046,0.245,1.0,0.747,0.551,0.625,0.929,100.0
신당동,중구,7,0.131,0.327,1.0,0.622,0.636,0.929,0.955,100.0
신대방1동,동작구,10,0.072,0.436,1.0,0.704,0.744,0.9,0.967,100.0
신대방2동,동작구,14,0.124,0.432,1.0,0.633,0.816,0.893,0.956,100.0
신도림동,구로구,18,0.134,0.544,1.0,0.672,0.863,0.972,0.967,100.0
신림동,관악구,7,0.17,0.297,1.0,0.833,0.576,0.714,0.933,100.0
신사1동,은평구,11,0.079,0.485,1.0,0.908,0.762,0.773,0.921,90.909
신사2동,은평구,15,0.045,0.378,1.0,0.85,0.777,0.667,0.889,86.667
신사동,강남구,29,0.284,0.638,1.0,0.791,0.903,0.914,0.96,100.0
신사동,관악구,9,0.085,0.366,1.0,0.888,0.581,0.778,0.933,100.0
신수동,마포구,11,0.059,0.578,1.0,0.816,0.819,0.909,0.955,100.0
신원동,관악구,7,0.059,0.457,1.0,0.9,0.633,0.857,0.944,100.0
신월1동,양천구,8,0.07,0.404,1.0,0.844,0.623,0.812,0.927,100.0
신월2동,양천구,10,0.035,0.611,1.0,0.798,0.784,1.0,0.979,100.0
신월3동,양천구,12,0.038,0.531,1.0,0.78,0.769,0.958,0.968,100.0
신월4동,양천구,7,0.061,0.591,1.0,0.844,0.772,0.929,0.959,100.0
신월5동,양천구,8,0.032,0.484,1.0,0.708,0.766,0.938,0.968,100.0
신월6동,양천구,6,0.01,0.664,1.0,0.831,0.895,0.917,0.963,100.0
신월7동,양천구,17,0.048,0.724,1.0,0.968,0.894,0.882,0.953,100.0
신정1동,양천구,8,0.062,0.648,1.0,0.806,0.886,0.938,0.968,100.0
신정2동,양천구,7,0.056,0.435,1.0,0.622,0.807,0.857,0.949,100.0
신정3동,양천구,38,0.136,0.558,1.0,0.826,0.925,0.789,0.92,92.105
신정4동,양천구,13,0.173,0.546,1.0,0.91,0.672,0.923,0.963,100.0
신정6동,양천구,15,0.052,0.512,1.0,0.704,0.948,0.833,0.949,100.0
신정7동,양천구,17,0.084,0.689,1.0,0.799,0.915,0.971,0.969,100.0
신촌동,서대문구,36,0.426,0.367,1.0,0.626,0.816,0.792,0.926,97.222
쌍문1동,도봉구,15,0.054,0.479,1.0,0.715,0.776,0.933,0.952,100.0
쌍문2동,도봉구,8,0.056,0.464,1.0,0.757,0.706,0.938,0.966,100.0
쌍문3동,도봉구,8,0.063,0.515,1.0,0.815,0.658,1.0,0.979,100.0
쌍문4동,도봉구,7,0.033,0.394,1.0,0.622,0.898,0.786,0.942,100.0
아현동,마포구,11,0.101,0.354,1.0,0.583,0.823,0.773,0.935,100.0
안암동,성북구,19,0.159,0.287,1.0,0.517,0.769,0.842,0.923,89.474
암사1동,강동구,11,0.127,0.473,1.0,0.844,0.647,0.909,0.96,100.0
암사2동,강동구,29,0.062,0.844,1.0,0.922,0.965,0.966,0.973,100.0
암사3동,강동구,23,0.04,0.78,1.0,0.932,0.96,0.913,0.951,100.0
압구정동,강남구,31,0.312,0.605,1.0,0.704,0.925,0.968,0.971,100.0
약수동,중구,6,0.054,0.409,1.0,0.819,0.824,0.667,0.892,100.0
양재1동,서초구,80,0.303,0.087,0.162,0.922,0.927,0.669,0.897,11.25
양재2동,서초구,104,0.241,0.0,0.0,0.905,0.962,0.702,0.903,0.0
양평1동,영등포구,13,0.08,0.505,1.0,0.581,0.867,1.0,0.982,100.0
양평2동,영등포구,38,0.128,0.677,1.0,0.789,0.939,0.934,0.971,100.0
여의동,영등포구,116,0.876,0.698,1.0,0.783,0.989,0.918,0.966,100.0
역삼1동,강남구,32,1.0,0.269,0.562,0.706,0.79,0.922,0.952,56.25
역삼2동,강남구,18,0.245,0.0,0.0,0.685,0.85,0.944,0.966,0.0
역촌동,은평구,16,0.164,0.416,1.0,0.878,0.637,0.812,0.933,100.0
연남동,마포구,10,0.123,0.506,1.0,0.953,0.622,0.9,0.956,100.0
연희동,서대문구,42,0.21,0.409,1.0,0.872,0.805,0.667,0.898,95.238
염리동,마포구,7,0.08,0.292,1.0,0.667,0.691,0.714,0.914,100.0
염창동,강서구,25,0.13,0.627,1.0,0.717,0.927,0.94,0.963,100.0
영등포동,영등포구,19,0.339,0.453,1.0,0.689,0.744,0.895,0.954,100.0
영등포본동,영등포구,13,0.097,0.55,1.0,0.815,0.705,1.0,0.975,100.0
오금동,송파구,23,0.14,0.0,0.0,0.77,0.868,1.0,0.974,0.0
오류1동,구로구,9,0.086,0.49,1.0,0.741,0.771,0.889,0.943,100.0
오류2동,구로구,44,0.176,0.61,1.0,0.844,0.917,0.841,0.932,95.455
오륜동,송파구,41,0.057,0.0,0.0,0.765,0.981,0.976,0.971,0.0
옥수동,성동구,27,0.087,0.737,1.0,0.862,0.955,0.889,0.955,96.296
왕십리2동,성동구,5,0.048,0.331,1.0,0.782,0.583,0.8,0.942,100.0
왕십리도선동,성동구,9,0.121,0.53,1.0,0.87,0.651,0.944,0.954,100.0
용강동,마포구,12,0.142,0.598,1.0,0.793,0.876,0.875,0.941,100.0
용답동,성동구,35,0.083,0.554,1.0,0.811,0.879,0.814,0.944,100.0
용문동,용산구,4,0.027,0.406,1.0,0.922,0.617,0.75,0.937,100.0
용산2가동,용산구,29,0.051,0.415,1.0,0.665,0.857,0.793,0.934,86.207
용신동,동대문구,23,0.196,0.371,1.0,0.777,0.61,0.826,0.936,100.0
우이동,강북구,147,0.068,0.427,1.0,0.979,0.961,0.503,0.847,65.986
우장산동,강서구,18,0.111,0.493,1.0,0.801,0.828,0.778,0.928,94.444
원효로1동,용산구,6,0.108,0.329,1.0,0.598,0.667,0.833,0.953,100.0
원효로2동,용산구,13,0.047,0.419,1.0,0.623,0.799,0.846,0.934,100.0
월계1동,노원구,16,0.093,0.47,1.0,0.723,0.83,0.844,0.935,93.75
월계2동,노원구,28,0.049,0.533,1.0,0.792,0.958,0.786,0.917,89.286
월계3동,노원구,17,0.066,0.664,1.0,0.822,0.946,0.882,0.963,100.0
월곡1동,성북구,12,0.092,0.428,1.0,0.689,0.71,0.875,0.947,100.0
월곡2동,성북구,20,0.12,0.535,1.0,0.856,0.811,0.8,0.924,85.0
위례동,송파구,34,0.144,0.0,0.0,0.959,0.973,0.956,0.97,0.0
은천동,관악구,11,0.112,0.32,1.0,0.852,0.641,0.682,0.897,90.909
을지로동,중구,8,0.16,0.247,1.0,0.572,0.561,0.812,0.939,100.0
응봉동,성동구,9,0.023,0.474,1.0,0.879,0.896,0.667,0.902,100.0
응암1동,은평구,17,0.102,0.471,1.0,0.822,0.794,0.735,0.924,100.0
응암2동,은평구,11,0.045,0.241,1.0,0.795,0.812,0.455,0.844,72.727
응암3동,은평구,9,0.107,0.314,1.0,0.862,0.592,0.667,0.918,100.0
이문1동,동대문구,14,0.129,0.29,1.0,0.667,0.59,0.821,0.95,100.0
이문2동,동대문구,10,0.032,0.464,1.0,0.743,0.754,0.9,0.957,100.0
이촌1동,용산구,39,0.118,0.761,1.0,0.896,0.972,0.885,0.958,97.436
이촌2동,용산구,15,0.015,0.792,1.0,0.964,0.95,0.9,0.959,100.0
이태원1동,용산구,9,0.139,0.343,1.0,0.801,0.642,0.722,0.918,88.889
이태원2동,용산구,13,0.052,0.378,1.0,0.898,0.775,0.654,0.89,76.923
이화동,종로구,11,0.15,0.295,1.0,0.611,0.693,0.773,0.921,90.909
인수동,강북구,40,0.083,0.433,1.0,0.891,0.841,0.662,0.898,85.0
인헌동,관악구,16,0.116,0.388,1.0,0.922,0.801,0.625,0.875,75.0
일원1동,강남구,14,0.082,0.0,0.0,0.839,0.89,0.964,0.964,0.0
일원본동,강남구,33,0.061,0.0,0.0,0.842,0.972,0.697,0.9,0.0
자양1동,광진구,8,0.106,0.414,1.0,0.786,0.613,0.938,0.954,100.0
자양2동,광진구,22,0.079,0.653,1.0,0.795,0.855,0.977,0.976,100.0
자양3동,광진구,17,0.105,0.559,1.0,0.716,0.872,0.941,0.97,100.0
자양4동,광진구,17,0.162,0.593,1.0,0.858,0.77,0.912,0.958,100.0
잠실2동,송파구,37,0.159,0.08,0.081,0.926,0.977,0.959,0.972,8.108
잠실3동,송파구,23,0.19,0.0,0.0,0.699,0.964,0.935,0.968,0.0
잠실4동,송파구,11,0.057,0.0,0.0,0.533,0.967,1.0,0.971,0.0
잠실6동,송파구,19,0.261,0.105,0.105,0.681,0.985,1.0,0.977,10.526
잠실7동,송파구,10,0.02,0.0,0.0,0.65,0.964,1.0,0.968,0.0
잠실본동,송파구,15,0.294,0.0,0.0,0.865,0.746,1.0,0.968,0.0
잠원동,서초구,23,0.173,0.638,1.0,0.757,0.926,0.935,0.966,100.0
장안1동,동대문구,18,0.181,0.593,1.0,0.862,0.771,0.917,0.955,100.0
장안2동,동대문구,14,0.137,0.597,1.0,0.844,0.78,0.929,0.97,100.0
장위1동,성북구,10,0.065,0.45,1.0,0.961,0.598,0.85,0.938,100.0
장위2동,성북구,10,0.043,0.522,1.0,0.876,0.669,0.95,0.963,100.0
장위3동,성북구,6,0.022,0.477,1.0,0.793,0.755,0.833,0.95,100.0
장지동,송파구,15,0.114,0.0,0.0,0.746,0.872,1.0,0.979,0.0
장충동,중구,13,0.05,0.404,1.0,0.767,0.862,0.692,0.906,84.615
전농1동,동대문구,14,0.152,0.478,1.0,0.856,0.603,0.964,0.968,100.0
전농2동,동대문구,13,0.052,0.399,1.0,0.659,0.825,0.846,0.946,92.308
정릉1동,성북구,5,0.042,0.433,1.0,0.689,0.733,0.9,0.952,100.0
정릉2동,성북구,17,0.058,0.401,1.0,0.945,0.755,0.647,0.915,94.118
정릉3동,성북구,46,0.06,0.467,1.0,0.887,0.885,0.674,0.895,89.13
정릉4동,성북구,49,0.061,0.413,1.0,0.959,0.956,0.5,0.842,67.347
제기동,동대문구,16,0.134,0.364,1.0,0.84,0.554,0.812,0.929,100.0
조원동,관악구,8,0.16,0.478,1.0,0.767,0.688,0.938,0.966,100.0
종로1·2·3·4가동,종로구,32,0.759,0.407,1.0,0.628,0.789,0.844,0.938,100.0
종로5·6가동,종로구,9,0.123,0.315,1.0,0.663,0.61,0.833,0.946,100.0
종암동,성북구,20,0.147,0.429,1.0,0.759,0.774,0.775,0.926,95.0
중계1동,노원구,8,0.077,0.587,1.0,0.65,0.938,1.0,0.966,100.0
중계2·3동,노원구,13,0.108,0.35,1.0,0.378,0.958,1.0,0.967,100.0
중계4동,노원구,21,0.08,0.417,1.0,0.841,0.959,0.619,0.886,76.19
중계본동,노원구,29,0.092,0.465,1.0,0.855,0.881,0.724,0.9,86.207
중곡1동,광진구,8,0.065,0.52,1.0,0.913,0.643,0.938,0.968,100.0
중곡2동,광진구,8,0.071,0.501,1.0,0.981,0.554,0.938,0.965,100.0
중곡3동,광진구,8,0.059,0.441,1.0,0.874,0.631,0.875,0.943,100.0
중곡4동,광진구,29,0.099,0.554,1.0,0.965,0.857,0.741,0.904,86.207
중림동,중구,5,0.043,0.396,1.0,0.673,0.706,0.9,0.924,100.0
중앙동,관악구,5,0.078,0.451,1.0,0.876,0.54,1.0,0.961,100.0
중화1동,중랑구,9,0.043,0.474,1.0,0.784,0.752,0.889,0.94,88.889
중화2동,중랑구,15,0.1,0.509,1.0,0.896,0.663,0.9,0.949,100.0
증산동,은평구,9,0.037,0.359,1.0,0.844,0.767,0.611,0.915,100.0
진관동,은평구,156,0.185,0.491,1.0,0.889,0.978,0.619,0.889,85.897
창1동,도봉구,17,0.083,0.595,1.0,0.771,0.868,0.941,0.955,100.0
창2동,도봉구,8,0.108,0.448,1.0,0.728,0.663,0.938,0.961,100.0
창3동,도봉구,8,0.03,0.443,1.0,0.864,0.71,0.812,0.929,87.5
창4동,도봉구,14,0.106,0.489,1.0,0.622,0.951,0.857,0.956,100.0
창5동,도봉구,9,0.104,0.464,1.0,0.602,0.85,0.944,0.966,100.0
창신1동,종로구,4,0.051,0.267,1.0,0.669,0.549,0.75,0.93,100.0
창신2동,종로구,3,0.029,0.308,1.0,1.0,0.5,0.667,0.912,100.0
창신3동,종로구,3,0.002,0.19,1.0,0.663,0.672,0.5,0.847,66.667
천연동,서대문구,11,0.047,0.396,1.0,0.717,0.824,0.682,0.903,90.909
천호1동,강동구,11,0.12,0.533,1.0,0.823,0.663,1.0,0.978,100.0
천호2동,강동구,23,0.208,0.67,1.0,0.882,0.814,0.957,0.971,100.0
천호3동,강동구,7,0.146,0.405,1.0,0.678,0.654,1.0,0.966,100.0
청구동,중구,4,0.024,0.303,1.0,0.728,0.612,0.75,0.915,100.0
청담동,강남구,34,0.244,0.637,1.0,0.785,0.898,0.912,0.964,97.059
청량리동,동대문구,18,0.094,0.423,1.0,0.732,0.731,0.833,0.94,100.0
청룡동,관악구,14,0.195,0.511,1.0,0.889,0.706,0.857,0.941,100.0
청림동,관악구,3,0.027,0.376,1.0,0.715,0.693,0.833,0.931,100.0
청운효자동,종로구,36,0.063,0.461,1.0,0.834,0.876,0.708,0.908,88.889
청파동,용산구,12,0.135,0.331,1.0,0.669,0.594,0.917,0.942,100.0
충현동,서대문구,19,0.173,0.256,1.0,0.685,0.674,0.711,0.913,84.211
평창동,종로구,124,0.053,0.383,1.0,0.964,0.964,0.46,0.835,58.871
풍납1동,송파구,14,0.044,0.693,1.0,0.917,0.836,0.929,0.966,100.0
풍납2동,송파구,38,0.109,0.558,0.711,0.836,0.94,0.961,0.976,71.053
필동,중구,18,0.127,0.482,1.0,0.723,0.88,0.806,0.919,88.889
하계1동,노원구,20,0.081,0.558,1.0,0.642,0.915,0.975,0.967,100.0
하계2동,노원구,6,0.035,0.393,1.0,0.43,0.944,1.0,0.973,100.0
한강로동,용산구,38,0.313,0.511,1.0,0.652,0.859,0.921,0.961,100.0
한남동,용산구,43,0.222,0.482,1.0,0.808,0.864,0.744,0.913,90.698
합정동,마포구,23,0.147,0.706,1.0,0.936,0.843,0.913,0.958,100.0
항동,구로구,19,0.0,0.787,1.0,0.971,0.964,0.895,0.935,100.0
행당1동,성동구,8,0.129,0.448,1.0,0.767,0.672,0.875,0.958,100.0
행당2동,성동구,8,0.048,0.313,1.0,0.611,0.792,0.688,0.919,87.5
행운동,관악구,9,0.107,0.391,1.0,0.758,0.634,0.889,0.943,100.0
혜화동,종로구,14,0.251,0.341,1.0,0.739,0.676,0.714,0.92,100.0
홍은1동,서대문구,24,0.047,0.447,1.0,0.929,0.823,0.646,0.886,83.333
홍은2동,서대문구,26,0.084,0.409,1.0,0.847,0.864,0.635,0.878,76.923
홍제1동,서대문구,19,0.078,0.344,1.0,0.91,0.83,0.526,0.864,84.211
홍제2동,서대문구,10,0.027,0.282,1.0,0.938,0.905,0.4,0.82,60.0
홍제3동,서대문구,16,0.074,0.256,1.0,0.854,0.758,0.5,0.847,75.0
화곡1동,강서구,16,0.242,0.484,1.0,0.878,0.633,0.906,0.968,100.0
화곡2동,강서구,5,0.035,0.41,1.0,0.938,0.593,0.8,0.92,100.0
화곡3동,강서구,8,0.08,0.49,1.0,0.718,0.737,1.0,0.975,100.0
화곡4동,강서구,13,0.068,0.465,1.0,0.874,0.731,0.808,0.937,100.0
화곡6동,강서구,14,0.101,0.506,1.0,0.822,0.81,0.821,0.929,92.857
화곡8동,강서구,10,0.151,0.39,1.0,0.844,0.621,0.8,0.941,100.0
화곡본동,강서구,12,0.118,0.515,1.0,0.961,0.689,0.833,0.937,91.667
화양동,광진구,14,0.325,0.363,1.0,0.606,0.731,0.929,0.967,100.0
황학동,중구,4,0.072,0.356,1.0,0.728,0.503,1.0,0.972,100.0
회기동,동대문구,9,0.119,0.327,1.0,0.516,0.793,0.889,0.943,100.0
회현동,중구,13,0.211,0.273,1.0,0.479,0.818,0.808,0.922,92.308
효창동,용산구,6,0.025,0.498,1.0,0.883,0.714,0.833,0.931,100.0
후암동,용산구,10,0.052,0.374,1.0,0.821,0.673,0.75,0.915,90.0
휘경1동,동대문구,7,0.082,0.397,1.0,0.833,0.584,0.857,0.953,100.0
휘경2동,동대문구,17,0.058,0.466,1.0,0.703,0.847,0.824,0.942,94.118
흑석동,동작구,23,0.166,0.385,1.0,0.777,0.757,0.674,0.897,86.957
